지점,지점명,일시,평균기온(°C),최저기온(°C),최저기온 시각(hhmi),최고기온(°C),최고기온 시각(hhmi),강수 계속시간(hr),일강수량(mm),평균 이슬점온도(°C),평균 상대습도(%)
108,서울,2020-01-14,-2.3,-5.7,637,2.6,1413,,,-13,45.3
108,서울,2020-01-15,-2.7,-6.4,722,2.2,1510,,,-13.4,44.8
108,서울,2020-01-16,-1.7,-5.5,816,3.2,1430,,,-13,43
108,서울,2020-01-17,-.6,-4.8,720,4.9,1449,,,-11.7,43.9
108,서울,2020-01-18,.3,-4.1,802,5.9,1503,,,-10,48.1
108,서울,2020-01-19,1.9,-.4,3,5.3,1510,1.58,.6,-4.5,62.8
108,서울,2020-01-20,.7,-3.3,2324,5.5,1313,,,-9.7,46.8
108,서울,2020-01-21,-.4,-5.6,800,5.5,1541,,,-13.9,36.9
108,서울,2020-01-22,3,-.1,47,7.8,1447,,,-10.9,36
108,서울,2020-01-23,4.6,0,802,9.9,1450,,,-5.4,49.3
108,서울,2020-01-24,2.8,-1.3,816,7.4,1534,,,-3.7,63
108,서울,2020-01-25,4.3,.6,251,8.8,1202,,,-2.2,63.1
108,서울,2020-01-26,5.5,-.2,747,11.9,1516,,,-3.2,56.3
108,서울,2020-01-27,5.9,4.8,2331,7.5,1418,6.92,.1,-4.5,48.1
108,서울,2020-01-28,6.8,4.3,231,9.9,1442,2.67,0,-3.3,49.4
108,서울,2020-01-29,6,3.2,708,9.6,1450,,,-4.8,46.4
108,서울,2020-01-30,5.2,1.4,814,10.4,1249,,,-5.4,47
108,서울,2020-01-31,3.9,1.4,2357,8.9,1347,.17,0,-3.3,59.6
108,서울,2020-02-01,2.6,-1.2,705,7.6,1556,,,-3.2,66.6
108,서울,2020-02-02,1.5,-2.1,747,5.3,1309,,,-7.8,52.3
108,서울,2020-02-03,-.4,-2.9,2357,3,1456,3.08,0,-11.8,43.6
108,서울,2020-02-04,-1.6,-6,635,3.9,1429,7.25,1.7,-11,50.3
108,서울,2020-02-05,-8.3,-11,757,-4.9,1601,,,-20.4,37.3
108,서울,2020-02-06,-6.4,-11.8,634,.4,1433,,,-19.2,36.4
108,서울,2020-02-07,-1.7,-7.2,123,2.2,1533,.58,0,-12.9,45.1
108,서울,2020-02-08,-.1,-2.3,803,3.7,1611,.17,0,-10.1,48.1
108,서울,2020-02-09,-.5,-5.6,742,4.1,1447,.08,0,-9.8,51.1
108,서울,2020-02-10,4,-.7,646,9.6,1500,.92,0,-6.5,49.4
108,서울,2020-02-11,6.8,-.5,711,14.6,1526,,,-7.9,37
108,서울,2020-02-12,7.4,6.5,1219,8.2,1928,20.58,6.7,2.1,73.4
108,서울,2020-02-13,6.5,4.9,656,8.7,1534,,,4,84.8
108,서울,2020-02-14,8.1,3.2,708,14.7,1631,,,2.5,70.3
108,서울,2020-02-15,9.8,6.2,735,15.6,1250,4.25,2,2.4,63
108,서울,2020-02-16,-1.4,-4.3,2245,7.7,1,17,13.4,-4.3,81.1
108,서울,2020-02-17,-5.9,-7.1,2258,-3.9,130,14.75,1,-11.6,64.3
108,서울,2020-02-18,-4.1,-8.3,745,1.3,1608,,,-14.8,44
108,서울,2020-02-19,1,-4.4,624,6.4,1512,,,-6.9,56.8
108,서울,2020-02-20,4.6,-.6,659,10.8,1547,,,-2.4,62.6
108,서울,2020-02-21,6.7,2.1,459,10.9,1438,4.92,4.2,.5,66.3
108,서울,2020-02-22,4,0,2340,7.9,1246,3.83,3.1,-3.1,62
108,서울,2020-02-23,2.5,-2.5,645,8,1446,,,-7.9,48.6
108,서울,2020-02-24,7,.8,514,12.2,1408,,,-2.4,51.8
108,서울,2020-02-25,6.7,4.7,2400,9.4,1642,12.58,16.6,2.1,73.5
108,서울,2020-02-26,6.4,2.8,423,10.4,1513,.42,0,-1.1,59.6
108,서울,2020-02-27,6.1,1.3,657,12.5,1528,,,-3,54
108,서울,2020-02-28,4.5,3.6,1335,5.9,1013,13.83,3.9,1,79.4
108,서울,2020-02-29,7.7,4.5,1,13,1550,5.17,.5,1.7,68.6
108,서울,2020-03-01,5.8,3.2,511,10.1,1314,4.5,.2,1,71.8
108,서울,2020-03-02,3.4,0,723,7.6,1546,.33,0,-5.2,55.3
108,서울,2020-03-03,4.8,.3,441,10.5,1329,,,-3.2,57
108,서울,2020-03-04,2.2,-1.3,2351,4.6,1046,1.5,0,-6.5,53.4
108,서울,2020-03-05,1.4,-2.8,654,6.3,1527,,,-8.9,47.5
108,서울,2020-03-06,3.7,-2.5,718,10.1,1621,,,-7.8,46.8
108,서울,2020-03-07,7,1.3,633,14.2,1442,,,-6.5,39.5
108,서울,2020-03-08,9.3,2.3,723,16.9,1559,,,-3.5,43.8
108,서울,2020-03-09,11.1,4.8,719,17.6,1423,,,-3.5,37.6
108,서울,2020-03-10,6.4,3.2,2343,10.8,1,18.67,11.8,2.6,78.4
108,서울,2020-03-11,3.8,0,658,8.3,1454,,,-8.4,41.8
108,서울,2020-03-12,6.8,.2,638,13.3,1435,,,-4.3,49.8
108,서울,2020-03-13,4.9,-.1,2400,8.7,1427,2.25,.5,-8.7,41
108,서울,2020-03-14,3.6,-2.7,642,8.6,1440,,,-6.9,48.1
108,서울,2020-03-15,4,.2,2335,8.5,1327,,,-7.3,48.3
108,서울,2020-03-16,3.6,-2.1,638,9.1,1510,,,-8.8,42.4
108,서울,2020-03-17,6.6,3.1,46,12.3,1537,,,.5,65.8
108,서울,2020-03-18,10,2.7,726,17,1550,,,-3.5,45.8
108,서울,2020-03-19,9.1,5.8,2400,12.1,641,.33,0,-1.3,49
108,서울,2020-03-20,8.8,3.1,641,14,1421,,,-5.6,39.6
108,서울,2020-03-21,12.8,7.9,107,19.5,1538,,,4,56.5
108,서울,2020-03-22,11,6.1,631,16.5,1402,,,-5.8,37.5
108,서울,2020-03-23,10.6,5.4,516,17,1507,,,-3.6,37.9
108,서울,2020-03-24,11.4,5.3,558,17.9,1444,,,-4.4,35
108,서울,2020-03-25,12.5,6.1,644,19.2,1401,,,-3.7,33.6
108,서울,2020-03-26,14.8,8.1,622,20.6,1330,4.92,1.8,4.2,53.8
108,서울,2020-03-27,11.9,6.7,2357,15.8,1512,5.92,2,1.8,56.4
108,서울,2020-03-28,7.7,4.5,622,12.8,1522,,,-15.8,17.9
108,서울,2020-03-29,8.7,1.3,632,16.1,1520,,,-8,30.6
108,서울,2020-03-30,10.2,4.3,658,16.9,1542,,,-4.7,38.4
108,서울,2020-03-31,11.9,4.7,622,18.6,1401,,,-4.1,34.5
108,서울,2020-04-01,11.3,6,2358,17.4,1350,,,-4.3,35.6
108,서울,2020-04-02,9.3,3.4,613,15.5,1315,,,-4.7,41.4
108,서울,2020-04-03,10,5.3,504,16.3,1434,,,.2,53.8
108,서울,2020-04-04,8.9,5,2358,13.3,1505,,,-9.1,36.4
108,서울,2020-04-05,7.2,1.9,605,13.7,1516,,,-11.2,29.5
108,서울,2020-04-06,9.3,2.9,601,16.1,1348,,,-5.1,38.3
108,서울,2020-04-07,10.6,6,430,16.8,1416,,,1.7,56.6
108,서울,2020-04-08,9.4,5.2,457,14.2,1557,,,-10.4,25.5
108,서울,2020-04-09,8.9,4.3,604,14.7,1437,,,-2.8,44.6
108,서울,2020-04-10,10.7,5.8,520,16.8,1527,,,1,52.6
108,서울,2020-04-11,9.9,6.2,630,16,1441,,,2.8,63.8
108,서울,2020-04-12,9.9,4.4,617,15.6,1136,,,1.6,58.6
108,서울,2020-04-13,12.4,4.3,617,20.4,1617,,,-2.6,39.4
108,서울,2020-04-14,13,7.6,631,19.6,1351,,,.9,46.8
108,서울,2020-04-15,13.2,7.2,609,20.2,1510,,,-.7,39.8
108,서울,2020-04-16,16,8.9,353,23.8,1535,,,1.8,39.9
108,서울,2020-04-17,12.5,10.4,959,15.4,201,9.5,6.5,8.5,77.8
108,서울,2020-04-18,13.5,8.5,632,19.6,1455,,,7.2,67.9
108,서울,2020-04-19,12.3,9.5,2300,15.5,1332,9,10.3,7.8,75.8
108,서울,2020-04-20,10,7.6,2353,13.1,1059,2.33,.1,5.2,73
108,서울,2020-04-21,7.4,4.8,2257,10.4,1418,,,-3.4,49
108,서울,2020-04-22,6,4.1,550,8.3,1405,2.33,0,-4.6,46.8
108,서울,2020-04-23,7.9,2.9,543,12.8,1456,,,-3.1,47.8
108,서울,2020-04-24,9.9,4.1,612,14.3,1409,,,1.1,55.6
108,서울,2020-04-25,13.1,9.9,1,17.1,1447,,,4,54.4
108,서울,2020-04-26,12.3,6.8,612,19,1527,,,-1,43.1
108,서울,2020-04-27,12.9,8.7,516,18.3,1419,,,1.9,49.8
108,서울,2020-04-28,13.9,7.8,555,19.9,1447,,,2.8,50
108,서울,2020-04-29,14.9,9.3,559,21,1333,,,2.9,48.6
108,서울,2020-04-30,17.1,9.3,553,23.4,1459,,,8.2,57.1
108,서울,2020-05-01,20.2,16.4,301,26.2,1450,,,15.1,73.6
108,서울,2020-05-02,20.3,18,328,23.9,1500,.67,0,16.6,79.6
108,서울,2020-05-03,21.8,17,520,27.4,1459,1.08,0,15.3,68.8
108,서울,2020-05-04,20.2,14.8,2359,25.3,1358,,,12.9,63.9
108,서울,2020-05-05,16,13.1,519,19.3,1211,,,9.9,67.9
108,서울,2020-05-06,19.4,11.1,546,27.6,1546,,,7.3,50
108,서울,2020-05-07,20.7,14.9,541,26.5,1419,,,3.1,32.5
108,서울,2020-05-08,19.9,14.3,2357,27.3,1423,6.17,2.3,.7,32.8
108,서울,2020-05-09,14.2,12.7,338,16.8,1623,24,24.4,13.3,94.4
108,서울,2020-05-10,14.4,12.8,138,16.6,1405,8.42,1.3,12.4,88.6
108,서울,2020-05-11,16.5,12.4,2358,22,1414,3,3.4,7.8,61
108,서울,2020-05-12,14.3,10.5,516,18.9,1527,.83,.7,8.5,69.4
108,서울,2020-05-13,16.1,10.2,607,21.8,1420,,,3.5,47.3
108,서울,2020-05-14,19.3,12.4,402,25.4,1346,,,2.8,35.4
108,서울,2020-05-15,16.1,14.1,1052,20.2,426,20.75,12,12.2,81.4
108,서울,2020-05-16,16.7,15,1,20.3,1644,12.67,2.5,15,90.3
108,서울,2020-05-17,19.1,14.6,537,24.9,1640,1,0,15.4,80.1
108,서울,2020-05-18,19.1,13.2,2202,26.8,1429,7,29.8,15.1,79.4
108,서울,2020-05-19,13,10.1,2355,17.1,1605,6.42,19,8,73.6
108,서울,2020-05-20,14.4,9.2,213,20.1,1427,.58,0,6.6,60.4
108,서울,2020-05-21,17.4,10.9,519,22.9,1630,,,8.2,56.1
108,서울,2020-05-22,18.5,14.8,541,22.7,1541,.5,0,12.5,68.5
108,서울,2020-05-23,20.1,16.6,545,25,1530,.67,0,13.2,66.1
108,서울,2020-05-24,17.1,14.3,2319,20.2,1415,9.75,14.5,14.4,84.8
108,서울,2020-05-25,16.6,13.7,2357,21.3,1513,,,13.1,81
108,서울,2020-05-26,16.2,12.7,535,22.9,1400,2.67,1.5,12.8,81.9
108,서울,2020-05-27,17.4,11.8,602,23.9,1450,,,10.9,68.5
108,서울,2020-05-28,18.7,14.2,529,23.4,1605,.25,0,10.8,62.8
108,서울,2020-05-29,20.7,14.6,546,27.6,1652,,,13.5,65.6
108,서울,2020-05-30,22.6,16.5,530,30,1601,,,12.9,57.3
108,서울,2020-05-31,21.2,17.6,523,28,1332,1.92,1,13.3,63
108,서울,2020-06-01,19.7,16.6,528,24.5,1603,3.75,.4,12,64.3
108,서울,2020-06-02,17.9,14.8,449,21.8,1526,1.83,2,12.3,71
108,서울,2020-06-03,22,17.6,546,28.4,1516,,,16.6,73.3
108,서울,2020-06-04,21.9,19.7,2358,26.5,1401,6.75,.2,18.2,81.1
108,서울,2020-06-05,23,18.4,443,28.7,1529,,,16.6,69.4
108,서울,2020-06-06,24.6,19.2,541,30.9,1543,,,16.8,63.6
108,서울,2020-06-07,22.7,19.2,318,29.2,1545,,,16.5,69.4
108,서울,2020-06-08,25,19.8,101,32,1529,,,17,63.6
108,서울,2020-06-09,26.7,20.3,558,32.8,1502,,,15.4,51.6
108,서울,2020-06-10,25.8,22.5,548,32.1,1356,6.58,6.2,17.7,63.8
108,서울,2020-06-11,26.1,21.7,511,31.6,1620,.42,0,19.2,68.3
108,서울,2020-06-12,24.7,21.6,525,27.6,1421,,,18.4,68.6
108,서울,2020-06-13,26.9,20.6,541,33.5,1513,.5,0,15.7,52.8
108,서울,2020-06-14,24,20.1,2355,28.8,1433,3.83,1.1,17.9,70.6
108,서울,2020-06-15,23,18.2,548,28.6,1500,,,14.5,62.3
108,서울,2020-06-16,24.4,20,357,30.7,1527,,,16.4,63
108,서울,2020-06-17,24.3,20.2,533,30.3,1455,,,15.3,58.6
108,서울,2020-06-18,23.4,20.3,541,27.3,1551,,,15.4,61.4
108,서울,2020-06-19,24.7,21.1,658,30,1448,1.83,.1,16.5,61.4
108,서울,2020-06-20,24.9,20.7,503,29.7,1254,,,16.9,62.6
108,서울,2020-06-21,26.1,19.5,544,32.7,1450,,,17,59.5
108,서울,2020-06-22,28.6,21.7,522,35.4,1509,,,16.4,50.5
108,서울,2020-06-23,27.3,23.2,610,31,1405,.5,0,16.8,53.5
108,서울,2020-06-24,22.3,19.9,1250,26.3,1,19.17,37.6,19,83.5
108,서울,2020-06-25,21.6,20.1,2331,23.4,1527,15.33,13.3,19.9,91
108,서울,2020-06-26,21.8,19.2,338,25.7,1529,5.83,2.1,18.4,82.1
108,서울,2020-06-27,24.1,20.4,524,29.6,1525,.75,0,18.1,70.4
108,서울,2020-06-28,25.2,21.5,554,30.1,1507,,,19.1,70.5
108,서울,2020-06-29,23.8,20.6,2357,26.5,1059,5.08,11.9,19.3,77
108,서울,2020-06-30,20.1,18.4,507,23.1,1450,18.42,64.7,16.9,83
108,서울,2020-07-01,21.1,18.1,447,24.3,1642,2.17,0,17.2,79.3
108,서울,2020-07-02,24.2,20.4,114,29.8,1635,,,19.1,74.5
108,서울,2020-07-03,25.5,21.6,2400,30.6,1508,1.92,.1,17.2,63.5
108,서울,2020-07-04,24.2,20.4,542,29.5,1451,4.83,1.6,16.3,63.9
108,서울,2020-07-05,23.8,19.9,521,27.6,1313,,,17.4,68.6
108,서울,2020-07-06,25.6,21.8,554,30.9,1605,,,18.7,66.6
108,서울,2020-07-07,24.1,22.1,659,28.1,1647,1.25,0,19.4,75.5
108,서울,2020-07-08,25.5,21.3,536,30.4,1602,,,19.7,71.9
108,서울,2020-07-09,27.5,21.8,526,32.9,1449,,,19.7,64.6
108,서울,2020-07-10,24.5,22.7,2344,27.7,1,4.67,2.2,19.7,75
108,서울,2020-07-11,25.8,22.2,432,30.2,1406,,,17.9,62.6
108,서울,2020-07-12,23.5,21.7,2319,26,1235,5.42,2.9,17.8,71.9
108,서울,2020-07-13,18.7,17.7,615,21.7,1,22.92,47.6,17.8,94.8
108,서울,2020-07-14,20.3,17.2,416,24.3,1533,9.83,11.5,16.4,79.4
108,서울,2020-07-15,23.4,18.9,547,28.7,1703,,,15.5,63.1
108,서울,2020-07-16,25,20.4,454,29.7,1514,,,19.1,70.9
108,서울,2020-07-17,26,21.5,544,31.6,1433,.58,0,20.3,72
108,서울,2020-07-18,26.1,22.8,529,31,1539,,,20.4,71.6
108,서울,2020-07-19,24,20.6,904,26.6,2201,5.67,29.1,20.5,81.6
108,서울,2020-07-20,23.8,22.4,2217,26.6,212,10.33,3.6,21.3,86.3
108,서울,2020-07-21,25,21.4,611,30.5,1533,.83,0,20.4,77
108,서울,2020-07-22,23.7,22.6,2222,25.7,1501,11.17,11.5,21.7,89.3
108,서울,2020-07-23,21.1,18.5,2319,22.6,1,22.67,103.1,20.3,95.5
108,서울,2020-07-24,22.5,18.7,1,26.8,1625,8.25,2.9,17.6,74.3
108,서울,2020-07-25,24.3,22.3,235,29,1555,.5,0,18.2,69.3
108,서울,2020-07-26,25.4,21.6,549,29.6,1614,.42,0,19.2,69.3
108,서울,2020-07-27,24.3,22.9,611,25.5,1540,16.92,2.2,21.8,86.4
108,서울,2020-07-28,24.4,22.7,548,26.4,1447,10.17,.4,21.5,84.8
108,서울,2020-07-29,23.7,22.6,925,24.9,1746,18.17,50.1,22.9,95.8
108,서울,2020-07-30,25.3,23.4,2324,28.4,1439,5.25,.1,22.6,85.5
108,서울,2020-07-31,26.2,22.8,635,29.6,1319,2.42,1.5,22.7,81.9
108,서울,2020-08-01,25.3,24.3,546,26.9,1113,16.5,39.1,23.6,90.9
108,서울,2020-08-02,24.9,23.5,1855,26.4,1501,23.25,31.4,24.2,96.3
108,서울,2020-08-03,25,23.9,2002,26.3,142,19.92,102.6,24.3,96.3
108,서울,2020-08-04,27,25,1,29.4,1520,11.67,3.9,25,89.3
108,서울,2020-08-05,26.5,25.5,2346,29.1,1630,12.67,18.5,25.1,92.1
108,서울,2020-08-06,24.1,22.9,2357,26,1644,12.33,75.7,22.8,92.8
108,서울,2020-08-07,24.3,22.6,628,26.1,1536,2.5,0,21.5,85.3
108,서울,2020-08-08,24.2,22.7,432,26.1,1628,10.42,19.1,22.3,89.5
108,서울,2020-08-09,24.9,23.7,1,25.8,2330,20.25,50.3,24,95.4
108,서울,2020-08-10,26.5,24.7,2357,29.5,1331,17.67,44.6,25,91.6
108,서울,2020-08-11,24.6,22.4,536,27.3,1333,10.17,97,23.2,92.5
108,서울,2020-08-12,27.2,23.5,431,31.3,1405,,,24.1,83.9
108,서울,2020-08-13,28,26.3,506,30.3,1557,,,24.6,82.4
108,서울,2020-08-14,27.1,26.5,822,28,1147,2.92,.4,24.6,86.1
108,서울,2020-08-15,26.1,25,729,27,1745,17.08,69,25.3,96
108,서울,2020-08-16,27.4,25.3,533,30.8,1441,,,24.1,82.6
108,서울,2020-08-17,28.2,26.1,459,32.2,1602,,,23.8,77.9
108,서울,2020-08-18,27.5,24,622,31.9,1543,,,22.7,76.3
108,서울,2020-08-19,27.1,23.6,514,31.4,1548,,,22.4,76.8
108,서울,2020-08-20,27.7,25,301,31.7,1310,,,22.8,76
108,서울,2020-08-21,26.6,25.2,543,29.2,1630,4.67,2.5,23.5,83.1
108,서울,2020-08-22,24.3,21.7,2342,27.6,1207,6.25,42.6,21.9,87.4
108,서울,2020-08-23,25.3,21.5,45,29.9,1555,,,21,78.4
108,서울,2020-08-24,27.8,23.7,554,32,1521,,,22,71.6
108,서울,2020-08-25,29.9,26,618,34.5,1452,,,23.4,69.5
108,서울,2020-08-26,30.2,27,552,34.5,1553,4.75,.6,23.4,68.3
108,서울,2020-08-27,27.1,25.6,736,28.6,1611,15.08,8.7,24.2,84.6
108,서울,2020-08-28,27.3,26,551,29.7,1228,9.25,13.6,25.3,89.1
108,서울,2020-08-29,26.8,25.5,558,29,1612,9.5,13.6,25,90.1
108,서울,2020-08-30,26.8,24.4,2348,30.6,1423,11.08,42.5,24.6,88.8
108,서울,2020-08-31,26.4,23.8,107,30,1610,.17,0,22.1,77.9
108,서울,2020-09-01,26.6,23.8,630,29.5,1459,.75,0,21.1,72.4
108,서울,2020-09-02,24.3,22.6,2346,26.4,2,20.08,33.3,22.7,91.3
108,서울,2020-09-03,22.7,20,741,25.6,1420,11,29.8,19.3,82
108,서울,2020-09-04,23.3,19.9,325,27.5,1541,,,15.7,63.9
108,서울,2020-09-05,23.3,19.2,615,27.3,1529,,,16.5,66.6
108,서울,2020-09-06,21.7,19.5,2252,24.4,1449,8.58,6.4,17.9,80
108,서울,2020-09-07,19.2,17.5,751,20.6,2352,24,61,18,93.5
108,서울,2020-09-08,23.4,20.6,1,26.5,1419,1,0,17.6,71.5
108,서울,2020-09-09,21.1,19,1424,25.3,1258,4.83,1.3,18,83.4
108,서울,2020-09-10,22.8,18.8,623,27,1537,2.25,3.9,17.9,75.8
108,서울,2020-09-11,22.4,19.2,2357,27.1,1219,7.83,1.2,16.9,72.6
108,서울,2020-09-12,20.2,18.1,232,23.2,1541,18.58,5.7,17.3,83.8
108,서울,2020-09-13,21.5,16.7,618,26.6,1542,,,15.6,70.4
108,서울,2020-09-14,21.3,17.6,622,24.9,1236,.42,0,17.4,79.3
108,서울,2020-09-15,23,18.9,627,27.7,1429,,,18.3,76.4
108,서울,2020-09-16,22.5,21.3,2327,24.9,1248,5.75,.3,18.8,79.9
108,서울,2020-09-17,21.3,20.1,2333,23.6,1523,,,15.2,70.3
108,서울,2020-09-18,21.5,18.1,705,25.8,1444,,,13.4,62
108,서울,2020-09-19,21.2,17.6,2400,26.2,1436,1,.3,11.9,59.3
108,서울,2020-09-20,19.7,15.6,630,24.9,1510,,,10.6,57.6
108,서울,2020-09-21,19.1,13.6,609,25.3,1449,,,9.6,56.1
108,서울,2020-09-22,20.2,15.5,618,25.6,1454,,,10.5,55.3
108,서울,2020-09-23,19.2,15.2,521,23.8,1359,,,11.1,59.9
108,서울,2020-09-24,20.6,16.8,606,25.4,1340,,,12.4,59.6
108,서울,2020-09-25,20.1,16.6,426,25.4,1433,,,12.9,64.1
108,서울,2020-09-26,19.3,14.8,537,24.8,1458,,,11.7,62.5
108,서울,2020-09-27,20.4,14.9,640,25.8,1340,,,12.8,63.3
108,서울,2020-09-28,20.7,15.7,528,26.5,1451,,,13.7,66
108,서울,2020-09-29,19.6,15.3,626,23.9,1623,,,13.1,67.6
108,서울,2020-09-30,19.6,16.2,647,25.7,1358,2.67,38.3,15.3,78
108,서울,2020-10-01,18.8,15.6,620,23.6,1445,,,14.1,74.9
108,서울,2020-10-02,19.2,16.3,353,21.9,1130,.75,0,15.5,79.6
108,서울,2020-10-03,19.9,18.3,2338,23.2,1230,1.08,0,14.5,72.5
108,서울,2020-10-04,16.6,10.6,2350,21.8,1330,3.75,0,9.8,65.1
108,서울,2020-10-05,13.3,8.5,537,18.4,1555,,,4.8,57.3
108,서울,2020-10-06,14.2,9.3,627,19.7,1529,,,4.9,55.9
108,서울,2020-10-07,16,9.9,705,22,1558,,,4.6,48.9
108,서울,2020-10-08,17.2,12.1,621,23.1,1511,,,7,53
108,서울,2020-10-09,17.2,12.4,527,23.3,1508,,,7.5,53.4
108,서울,2020-10-10,16.9,12.3,543,21.5,1344,,,8.8,60.1
108,서울,2020-10-11,16.9,12.7,634,20.8,1155,,,10.9,68.5
108,서울,2020-10-12,16.2,12.1,2356,21.3,1411,,,10,68.6
108,서울,2020-10-13,13.6,8.6,627,18.4,1459,,,3.5,52.3
108,서울,2020-10-14,12.8,8.5,2400,18,1327,,,1,47
108,서울,2020-10-15,11.7,6.5,644,18.5,1433,,,-1.1,41.8
108,서울,2020-10-16,11.8,8.6,615,15.4,1425,,,5.1,64.3
108,서울,2020-10-17,13.1,8.7,702,18.6,1508,,,5.6,64.3
108,서울,2020-10-18,13.6,7.2,630,20.2,1352,,,6.9,65.5
108,서울,2020-10-19,15.1,9.8,700,21.3,1440,,,10.1,74.4
108,서울,2020-10-20,15.2,9.9,647,21.7,1413,,,8.5,67.1
108,서울,2020-10-21,14.1,11.8,301,17.3,1529,,,8.5,69.4
108,서울,2020-10-22,13.5,8.4,2344,18.2,1451,1.25,0,6.8,66
108,서울,2020-10-23,8.6,5.4,713,13.3,1515,,,-1.1,51.5
108,서울,2020-10-24,8.7,3.2,705,14,1538,,,-2.3,47.6
108,서울,2020-10-25,11.8,5.4,708,18.2,1345,,,4,62.5
108,서울,2020-10-26,12.9,8,618,19,1354,,,7.4,71.6
108,서울,2020-10-27,14,9,653,19.4,1431,,,9,74.1
108,서울,2020-10-28,13.8,8.6,2359,18.2,1442,,,2.8,52.1
108,서울,2020-10-29,10.8,5.5,703,16.1,1328,,,-2.6,40.3
108,서울,2020-10-30,11.9,5.8,731,19.6,1512,,,-.8,42.9
108,서울,2020-10-31,13.6,8.5,649,18.2,1431,,,5.9,60.3
108,서울,2020-11-01,13.7,11.6,2359,15,1,7.17,13.6,10.9,84.3
108,서울,2020-11-02,10.8,7.9,701,15.6,1432,2.33,1.7,1.7,58.3
108,서울,2020-11-03,5.1,2.7,623,8.6,1,.83,.5,-5.4,47.5
108,서울,2020-11-04,4.9,.2,714,10.8,1602,,,-7.1,43.9
108,서울,2020-11-05,9.6,3.4,657,15.9,1541,,,2.3,61.5
108,서울,2020-11-06,13.5,9.9,657,17.2,1445,,,6.4,63.3
108,서울,2020-11-07,14.6,12.2,2312,18.1,1433,.42,.1,8.4,68.8
108,서울,2020-11-08,8.5,3.1,2359,12.4,26,,,-4.6,43.8
108,서울,2020-11-09,5.5,.7,708,8.9,1258,,,-7.2,40.9
108,서울,2020-11-10,7.7,3.5,649,12.9,1505,,,-.9,56.1
108,서울,2020-11-11,9.3,3.5,718,16.5,1448,,,-.2,53.5
108,서울,2020-11-12,10.4,4.6,704,17.7,1331,,,1.6,56.9
108,서울,2020-11-13,12.2,8.5,613,17.6,1444,,,6.9,71.5
108,서울,2020-11-14,12.5,6.8,725,19.3,1459,,,5.8,66.9
108,서울,2020-11-15,11.1,8.2,709,14.9,1519,,,6.7,75
108,서울,2020-11-16,12.4,7.5,733,18.3,1438,,,6.6,70.1
108,서울,2020-11-17,15.9,11.7,429,20,1413,2.08,.1,9.7,67.5
108,서울,2020-11-18,16.6,14.8,235,18.7,1439,10.83,12.2,15.1,91.4
108,서울,2020-11-19,13.6,6.9,2343,19.1,255,14.17,86.9,12,90.5
108,서울,2020-11-20,2.8,.3,2356,7,1,4.5,0,-1.3,74.3
108,서울,2020-11-21,6.5,-.3,252,12.8,1428,1.67,.2,.7,67.9
108,서울,2020-11-22,5.6,1.5,2349,9.1,1,8.83,4.8,2.5,80.5
108,서울,2020-11-23,1.7,-1.5,738,5.9,1546,,,-5.2,61.4
108,서울,2020-11-24,2.9,.2,113,6.4,1627,,,-5.4,54.5
108,서울,2020-11-25,4.6,0,732,9.5,1349,,,-1.8,64.1
108,서울,2020-11-26,5.6,1.9,802,10.9,1435,,,-.4,66.5
108,서울,2020-11-27,4.1,.6,2348,7.7,1310,.17,0,-2.8,61.6
108,서울,2020-11-28,-.1,-2.3,734,2.8,1445,,,-9.5,50
108,서울,2020-11-29,-.6,-3.6,613,2.6,1356,,,-7.5,59.6
108,서울,2020-11-30,-.2,-3.6,609,4.3,1454,,,-7.8,57.8
108,서울,2020-12-01,1.1,-3.6,729,6.7,1358,,,-10.1,44.5
108,서울,2020-12-02,2.4,.5,2337,6.1,1431,,,-9.5,41.4
108,서울,2020-12-03,.7,-2.3,2350,4.2,1359,,,-9.4,47.1
108,서울,2020-12-04,-.6,-4.6,701,4.4,1518,,,-9.3,53.8
108,서울,2020-12-05,2.1,-2.2,724,6.6,1207,,,-4.2,63.1
108,서울,2020-12-06,4.5,1.2,750,9.1,1349,,,-1.3,66.9
108,서울,2020-12-07,3.4,-.7,2354,6.3,1253,,,-4.5,57.5
108,서울,2020-12-08,-.5,-3.5,540,4.1,1408,,,-10.1,50
108,서울,2020-12-09,1.5,-4.1,654,6.2,1346,,,-6.7,55.1
108,서울,2020-12-10,5.8,3.2,756,9.3,1500,2.58,0,.7,69.9
108,서울,2020-12-11,5.3,2.6,712,9.4,1342,,,1.4,77.1
108,서울,2020-12-12,2.3,-.3,629,6.1,1432,,,-7.1,51.3
108,서울,2020-12-13,-1.1,-6,2350,2,229,7.58,2.9,-5.1,74.9
108,서울,2020-12-14,-7.7,-9.7,742,-5,1454,,,-16.7,49.1
108,서울,2020-12-15,-8.3,-11.1,756,-4.6,1524,,,-18.9,43
108,서울,2020-12-16,-8.3,-11.2,559,-3.9,1526,,,-18.7,43.9
108,서울,2020-12-17,-4.9,-11.1,454,.8,1531,1.08,0,-14.9,47
108,서울,2020-12-18,-2.1,-6.4,2343,1.8,1425,7.58,.2,-9.7,57
108,서울,2020-12-19,-5.1,-9.6,728,-1.2,1540,,,-15.5,45.1
108,서울,2020-12-20,-3.7,-8.2,714,1.1,1549,,,-13,50.4
108,서울,2020-12-21,-1,-6,738,4.7,1500,,,-7.2,64.1
108,서울,2020-12-22,2,-2.5,219,7.2,1444,,,-3.7,67.6
108,서울,2020-12-23,4.5,-.4,440,8.5,1441,.25,0,.6,76.6
108,서울,2020-12-24,2.6,-2,2340,6.1,108,,,-4.4,61.5
108,서울,2020-12-25,-.8,-4.7,755,3.5,1420,,,-9.7,51.9
108,서울,2020-12-26,2.2,-2.1,404,8,1443,,,-3.7,65.8
108,서울,2020-12-27,5.8,1.4,1,10,1412,1.75,0,-.9,62.9
108,서울,2020-12-28,6.7,4.2,826,11.4,1344,1.33,1.3,1.7,72.1
108,서울,2020-12-29,.1,-6.2,2356,4.3,6,6.25,.2,-4.7,70.8
108,서울,2020-12-30,-10.9,-12.9,2222,-6.2,1,,,-18.1,55.5
108,서울,2020-12-31,-8.9,-12.9,116,-5,1512,.33,0,-16.6,53.9
108,서울,2021-01-01,-4.2,-9.8,511,1.6,1447,,,-10.2,64
108,서울,2021-01-02,-5,-8.4,805,-1.4,1346,,,-17.1,38.5
108,서울,2021-01-03,-5.6,-9.1,536,-2,1238,,,-15.9,45
108,서울,2021-01-04,-3.5,-8.4,656,.3,1535,2.33,0,-12.2,51.4
108,서울,2021-01-05,-5.5,-9.9,2356,-2.1,1,5.42,0,-14.2,52.8
108,서울,2021-01-06,-7.4,-12,702,-1.9,1547,5.33,2.3,-15.9,54.6
108,서울,2021-01-07,-14.5,-16.5,802,-8.4,1,,,-22.7,49.9
108,서울,2021-01-08,-14.9,-18.6,812,-10.7,1450,,,-24.5,44
108,서울,2021-01-09,-12.2,-16.6,614,-7.5,1602,,,-21.5,46.3
108,서울,2021-01-10,-7.7,-12.8,538,-2.7,1406,,,-15.6,54.4
108,서울,2021-01-11,-6.7,-9.6,502,-4,1452,,,-12.8,62.1
108,서울,2021-01-12,-3.9,-9.3,657,-.5,1417,7.5,2.6,-7,79.5
108,서울,2021-01-13,2,-3,430,8.3,1458,.67,0,-1.3,80.3
108,서울,2021-01-14,1.7,-3.6,749,7,1506,,,-9.2,46.5
108,서울,2021-01-15,4.5,-.7,2357,9.9,1303,.42,.2,-1.3,67.4
108,서울,2021-01-16,-4.9,-8.7,2349,-.7,1,,,-11.8,59.3
108,서울,2021-01-17,-5.5,-10.8,800,-1.3,1516,5.25,0,-12.7,58.5
108,서울,2021-01-18,-3.8,-9.1,2356,.2,1325,5.42,.3,-10.1,64.3
108,서울,2021-01-19,-6.3,-11.6,753,-.2,1537,,,-18.9,37.9
108,서울,2021-01-20,-.1,-6.6,513,7.1,1559,,,-13.1,37.8
108,서울,2021-01-21,4.5,2.5,1,7,1337,10.25,9.2,-2.5,64.4
108,서울,2021-01-22,5.5,4.8,5,6.6,1356,2,.1,4.4,92.9
108,서울,2021-01-23,7.6,4.8,12,12.2,1504,,,1.4,66
108,서울,2021-01-24,7.3,2.4,758,13.9,1510,,,.6,63.9
108,서울,2021-01-25,7.9,3,542,13.9,1527,,,.5,62
108,서울,2021-01-26,5.3,1.7,2357,7.4,1,6.92,1.7,2.1,80.4
108,서울,2021-01-27,1.7,-1.8,759,6.5,1400,,,-9.1,47.6
108,서울,2021-01-28,-2.6,-9.7,2352,1.4,940,1.33,2,-11.2,52.3
108,서울,2021-01-29,-8.8,-11.6,556,-4.9,1556,,,-20.1,40
108,서울,2021-01-30,-1.6,-8.1,1,5.2,1614,4.5,.5,-8.5,60
108,서울,2021-01-31,3.2,-3.8,542,8.7,1517,,,-4.9,57
108,서울,2021-02-01,5,-2.3,2357,9.5,1320,.83,.7,.6,74.5
108,서울,2021-02-02,-5.6,-8.2,756,-2.4,1,3.83,0,-16.1,44.1
108,서울,2021-02-03,-3.2,-9.4,335,1.4,1337,6.5,3.4,-9.1,64.6
108,서울,2021-02-04,-3.6,-7.4,732,.7,1554,1.33,.1,-12.8,50.1
108,서울,2021-02-05,1.4,-4.4,1,6.7,1532,,,-3.2,71.8
108,서울,2021-02-06,6.8,4.3,1,9.5,1405,,,3.6,80.4
108,서울,2021-02-07,3.6,-2.6,2352,7.7,1441,,,-2.9,67
108,서울,2021-02-08,-3.1,-5.4,734,.2,1517,,,-14,43.6
108,서울,2021-02-09,-.9,-6.1,415,4.7,1551,,,-10,51.9
108,서울,2021-02-10,3.4,-1.5,339,7.2,1509,,,-.7,75.1
108,서울,2021-02-11,5.5,1.3,615,10.9,1606,,,.4,71.5
108,서울,2021-02-12,6.5,.6,722,14,1507,,,-1.3,60.6
108,서울,2021-02-13,7.6,1,758,15.9,1444,,,-2.8,50.6
108,서울,2021-02-14,9.5,6.4,703,13.8,1244,.17,0,-1.3,47.6
108,서울,2021-02-15,1.2,-5.2,2339,8.2,1,5.5,1.4,-4.9,65.1
108,서울,2021-02-16,-5.1,-7,2358,-1.3,1707,5.55,1.5,-12.4,57.9
108,서울,2021-02-17,-8.3,-10.4,719,-5.2,1453,.67,0,-18.5,44.1
108,서울,2021-02-18,-5.8,-10.6,612,-.4,1631,,,-16,44.9
108,서울,2021-02-19,1.6,-7.1,537,8.9,1553,,,-4,66.9
108,서울,2021-02-20,8.8,5.5,1,14.9,1545,,,.3,60.4
108,서울,2021-02-21,10.8,4.7,723,17.4,1347,,,4.5,66.6
108,서울,2021-02-22,7.8,.4,2358,12.6,1220,,,-.6,58.3
108,서울,2021-02-23,0,-3.1,733,4.3,1521,,,-14.3,34
108,서울,2021-02-24,2.9,-3,720,10.1,1517,,,-12.2,33
108,서울,2021-02-25,4.2,.7,406,8.2,1527,,,-10.1,35.1
108,서울,2021-02-26,8.2,.5,721,15.8,1506,,,-7,35
108,서울,2021-02-27,9.5,4.3,636,16.2,1601,,,-1.1,48.6
108,서울,2021-02-28,7.8,3.2,717,10.8,1607,,,-2.4,49
108,서울,2021-03-01,4.7,.5,2324,9,1,22.92,67.5,3.1,91
108,서울,2021-03-02,2.3,.2,352,6.9,1543,1.33,.1,-1.7,75.9
108,서울,2021-03-03,4.4,-1.2,656,9.9,1627,,,-2.5,64.4
108,서울,2021-03-04,7.2,2.5,310,13,1559,,,.3,62.4
108,서울,2021-03-05,9,3,729,16.2,1518,,,3.3,70.3
108,서울,2021-03-06,6.6,3.2,2357,11.6,1216,,,1,69.5
108,서울,2021-03-07,6.2,2.1,659,12.2,1423,,,-.5,62.9
108,서울,2021-03-08,7,1.5,706,13.9,1425,,,-.8,60.3
108,서울,2021-03-09,6.6,2.1,550,12.2,1433,,,-1.6,58.5
108,서울,2021-03-10,8.8,1.7,704,17.1,1539,,,.9,61.8
108,서울,2021-03-11,10.2,4.7,720,17.1,1436,,,-.6,50.8
108,서울,2021-03-12,10.5,7.2,2353,14.9,1240,2.75,0,2.1,57
108,서울,2021-03-13,9.2,4.6,650,14.2,1436,,,2,62.8
108,서울,2021-03-14,9.1,4.9,701,14.7,1541,,,3.9,71.4
108,서울,2021-03-15,10.6,5.1,602,15.7,1446,1.25,1.7,4.5,68.8
108,서울,2021-03-16,8.4,4.9,2356,13.1,1438,2.42,1.3,-1.7,52.5
108,서울,2021-03-17,8.8,1.8,628,17.5,1613,,,-2.9,44.9
108,서울,2021-03-18,11.7,5,540,18.4,1604,,,1.3,50.1
108,서울,2021-03-19,15.3,11.4,640,20.2,1510,,,3.9,47.9
108,서울,2021-03-20,9.9,7.4,2346,14.7,1,10.5,5.1,5,74.6
108,서울,2021-03-21,5.8,3.1,2355,8.6,1427,1.5,.3,-.4,65.9
108,서울,2021-03-22,6.2,1.1,653,11.1,1349,,,-2.7,55.3
108,서울,2021-03-23,9.1,2.5,518,16.4,1418,,,1.9,63.5
108,서울,2021-03-24,10.8,5.7,619,16.9,1513,,,3.2,61.5
108,서울,2021-03-25,11.9,6.8,2356,19,1405,,,5.7,68.5
108,서울,2021-03-26,12.6,4.8,647,20.6,1543,,,3,58.4
108,서울,2021-03-27,12.1,10.2,621,15,1156,13.08,25.5,6,70.9
108,서울,2021-03-28,9,7.7,643,13,138,15,9.2,8.3,95.8
108,서울,2021-03-29,10.2,7.3,2357,14.6,1342,2.75,.2,2.1,62.3
108,서울,2021-03-30,10.8,4.1,623,18.2,1548,,,-1.3,47.3
108,서울,2021-03-31,14.5,5.9,631,22.9,1535,,,.3,41
108,서울,2021-04-01,17.7,12,651,24,1614,,,.5,33
108,서울,2021-04-02,17.8,12.5,408,23,1506,.83,0,2,35.6
108,서울,2021-04-03,14.9,10.9,2353,18,1,16.53,56.2,11.2,80.8
108,서울,2021-04-04,11.9,9,2400,15.8,1337,5.75,.6,5.2,65.8
108,서울,2021-04-05,11.9,5.4,629,19.3,1614,,,0,47.9
108,서울,2021-04-06,13.9,9.4,510,19.2,1343,,,3.3,50.9
108,서울,2021-04-07,14.1,8.1,607,20.4,1335,,,2,47.5
108,서울,2021-04-08,13,7.2,616,18,1516,,,-2.9,34
108,서울,2021-04-09,13.6,7.6,416,19.6,1558,,,-.4,39.3
108,서울,2021-04-10,12.6,7.7,607,18.8,1459,,,2,50
108,서울,2021-04-11,15,7.5,639,21.8,1610,,,2.4,45.4
108,서울,2021-04-12,13.8,11.9,1703,17.8,1132,14.17,22,7.6,70.4
108,서울,2021-04-13,10.4,5.7,2355,13.5,1343,6.75,8,5.6,74
108,서울,2021-04-14,8.4,3.1,544,13.3,1224,,,.1,58.5
108,서울,2021-04-15,11.6,6.3,313,18.3,1454,,,3.9,62.3
108,서울,2021-04-16,11.3,8.1,2400,14.8,1602,3.5,.7,3.3,60
108,서울,2021-04-17,9.6,6,611,14.6,1527,1.58,0,1.1,56.6
108,서울,2021-04-18,9.9,5.6,607,15.3,1602,,,3.1,64.3
108,서울,2021-04-19,12.2,5.8,542,19.4,1440,,,5.4,65.3
108,서울,2021-04-20,14.8,8.1,614,22,1552,,,4.8,55.1
108,서울,2021-04-21,19.1,10.3,601,28.2,1601,,,5.4,43.1
108,서울,2021-04-22,20.9,16.1,251,27.5,1356,,,5.5,37.9
108,서울,2021-04-23,19,17,703,21.7,1350,4,0,5.2,41.4
108,서울,2021-04-24,18.3,15.3,637,22.2,1540,.67,0,4.9,43
108,서울,2021-04-25,18.2,12.6,500,24,1645,,,6.9,50
108,서울,2021-04-26,16.2,12.3,614,20.6,1408,,,5.9,51.8
108,서울,2021-04-27,15.4,12.5,430,20,1427,4,1.7,7.7,62.4
108,서울,2021-04-28,14.5,11.2,602,18.2,1419,1.33,4.7,7.1,64.1
108,서울,2021-04-29,14.6,10.9,538,20.1,1609,4.33,3.9,4.8,54.1
108,서울,2021-04-30,11.3,8.6,414,14.6,1227,9.75,26.3,8.1,81.8
108,서울,2021-05-01,10.2,8.5,2326,15.3,1256,11.67,8,6.8,80.8
108,서울,2021-05-02,12.4,7.3,602,18.7,1436,2.5,1.7,6,67.9
108,서울,2021-05-03,14.1,8.4,555,20.3,1520,,,4.6,56.4
108,서울,2021-05-04,13.8,11.4,300,15.8,1915,16.25,19.6,10.7,82.6
108,서울,2021-05-05,13.9,10.3,620,18.4,1509,.5,.1,6.4,64.4
108,서울,2021-05-06,15.7,7.9,538,23.1,1420,,,3.3,46.4
108,서울,2021-05-07,14.4,10.7,2357,17.2,1505,1.5,8.8,6.5,60.3
108,서울,2021-05-08,14.3,8.9,547,21,1437,,,7.5,66.1
108,서울,2021-05-09,15.7,10,513,21.8,1551,,,4.6,51.3
108,서울,2021-05-10,13.2,11.7,230,14.6,1716,3.08,0,7.4,67.9
108,서울,2021-05-11,18.5,9.4,414,25.7,1514,,,6.2,48.9
108,서울,2021-05-12,22,16.9,529,27.7,1626,,,7.1,39.5
108,서울,2021-05-13,22.9,16.6,542,29.6,1459,,,12.7,54.4
108,서울,2021-05-14,24.1,18,558,30.8,1541,,,15.4,60.3
108,서울,2021-05-15,22.1,20.8,1911,26.2,1204,14,15,18,79.5
108,서울,2021-05-16,18.4,14.8,2345,20.8,1,24,66.9,17.9,97.6
108,서울,2021-05-17,15.3,14.2,442,16.7,1815,13.83,3.1,14.1,93
108,서울,2021-05-18,17.9,13.6,403,24.5,1611,,,11.8,70.5
108,서울,2021-05-19,19.9,12.4,557,26.6,1503,,,9.1,52.3
108,서울,2021-05-20,18.7,15.6,2335,22.9,1252,11.15,.9,10.3,59.8
108,서울,2021-05-21,16,14.2,637,18.2,1820,15.17,6.9,13.6,86.5
108,서울,2021-05-22,18.6,13.8,531,23.8,1309,.92,.2,12.3,69.3
108,서울,2021-05-23,19.5,14.3,521,25.1,1328,,,12.2,64.4
108,서울,2021-05-24,19.4,16.4,536,24.5,1525,,,11.1,61
108,서울,2021-05-25,15.3,11.9,854,19.3,1632,4.58,8.3,10,72.3
108,서울,2021-05-26,18,11.5,513,23,1513,.67,0,8.9,58.5
108,서울,2021-05-27,15.8,13.9,2301,18.7,1611,5.92,8.9,12.8,83
108,서울,2021-05-28,15.3,12.4,844,19.7,1556,7.83,12.3,12.8,86
108,서울,2021-05-29,15.4,12.8,2353,19.1,1017,8.42,.3,11.7,79.8
108,서울,2021-05-30,18.4,10.8,540,26.3,1603,4,18.1,12.5,73
108,서울,2021-05-31,19.9,16.5,417,23.8,1725,2.5,4,15.9,78.9
108,서울,2021-06-01,20.2,15.9,811,23.9,1311,4.42,3.2,15.4,74.6
108,서울,2021-06-02,23.2,16.6,453,29.7,1531,,,15.3,64.4
108,서울,2021-06-03,19.1,14.6,2335,22.7,1143,12.17,18.1,15.6,80.8
108,서울,2021-06-04,18.5,13.3,419,23.6,1530,,,12.1,69.4
108,서울,2021-06-05,20.8,17,359,25.7,1524,,,14.4,68.1
108,서울,2021-06-06,23,18.4,138,28.2,1529,,,16.7,69.6
108,서울,2021-06-07,21.1,19.4,353,24,1734,3.58,0,15.7,71.5
108,서울,2021-06-08,23.6,18.8,533,29.5,1539,.92,.1,17.3,69.6
108,서울,2021-06-09,25.8,19.5,453,31.6,1525,,,16.7,59.1
108,서울,2021-06-10,24.9,20.5,2349,29.8,1441,6.67,6.1,18.3,68.5
108,서울,2021-06-11,21.5,19.9,50,24.4,1628,4.17,4.6,18.7,84.5
108,서울,2021-06-12,24.2,18.2,444,30.2,1514,,,18.8,74.6
108,서울,2021-06-13,24.8,20.9,513,29.7,1620,,,19.3,72.6
108,서울,2021-06-14,24.8,18.9,609,30.2,1452,,,18.3,68.8
108,서울,2021-06-15,22.5,21.5,523,25.3,1751,7.92,1.9,18.6,79.1
108,서울,2021-06-16,24.3,20.3,347,28.9,1622,,,15.7,59.9
108,서울,2021-06-17,21.9,19.6,439,25,1247,4.25,0,16.3,71.4
108,서울,2021-06-18,20,19,601,21.4,1711,12,6.3,18.6,92.1
108,서울,2021-06-19,22.3,17.5,550,27.4,1553,,,17,74
108,서울,2021-06-20,22.9,17.6,520,29,1319,,,17.5,73.3
108,서울,2021-06-21,23.6,19.2,511,28.5,1457,,,16.6,67
108,서울,2021-06-22,22.8,19.7,538,28.6,1347,2.08,0,16.3,67.9
108,서울,2021-06-23,22.4,18.8,528,27.9,1504,.67,7.5,16.5,70.5
108,서울,2021-06-24,23,18.5,443,28,1540,,,17.2,71.1
108,서울,2021-06-25,24.1,19.5,551,29.5,1619,,,17.7,69
108,서울,2021-06-26,22.8,19.9,557,26.7,1549,11.42,4.5,18.7,78.5
108,서울,2021-06-27,24.5,19.8,447,30.8,1511,3.42,38.2,18.6,72.1
108,서울,2021-06-28,23.7,21,629,29.2,1447,1.67,.1,19.1,76.4
108,서울,2021-06-29,23.9,21.3,442,28.4,1531,1.67,8,19.8,78.6
108,서울,2021-06-30,24.3,21,405,28.8,1654,1.35,6,20,77.9
108,서울,2021-07-01,26.3,21.4,519,31,1525,,,20.2,70.9
108,서울,2021-07-02,27.1,23.6,538,31.8,1612,,,19.5,64.1
108,서울,2021-07-03,22.6,19.6,2208,25.7,1,9.42,60,18.6,80
108,서울,2021-07-04,21.4,19.8,1,23.1,1500,18.33,21.4,20.8,96.8
108,서울,2021-07-05,23.3,20.1,328,26.9,1444,,,19.5,80.3
108,서울,2021-07-06,25.3,21,450,30.1,1437,,,19.9,73.4
108,서울,2021-07-07,26.4,23.9,419,29.1,1441,4.67,12.7,22.2,78.5
108,서울,2021-07-08,26,23.8,520,29.8,1451,2,2.9,22.4,81.6
108,서울,2021-07-09,25.5,23.6,335,29.2,1530,.25,0,21.1,77.3
108,서울,2021-07-10,25.9,23.1,631,29.2,1340,2.8,.5,22.1,80.4
108,서울,2021-07-11,25.7,24.1,700,27.5,1552,5.17,.4,23.2,86.8
108,서울,2021-07-12,28.1,23.8,557,32.5,1604,,,23,75.1
108,서울,2021-07-13,28.8,26.3,429,31.5,1431,,,24,76.1
108,서울,2021-07-14,29.7,26.1,447,33.5,1508,,,23.7,71.4
108,서울,2021-07-15,29.1,25.9,2344,34.5,1347,2.07,0,23.1,71.1
108,서울,2021-07-16,28.8,24.2,508,35.2,1538,,,22,68.4
108,서울,2021-07-17,29.1,24.7,521,32.8,1557,.17,0,21,63.1
108,서울,2021-07-18,29.6,25.7,551,34.1,1546,,,21.3,62.5
108,서울,2021-07-19,26.4,24,1532,30.5,1134,5,67.4,22.4,80.1
108,서울,2021-07-20,27.9,23.6,532,31.8,1159,.83,0,23,75.8
108,서울,2021-07-21,30.5,25.3,556,35.3,1654,,,22.3,64
108,서울,2021-07-22,31.2,26.5,621,35.9,1615,,,21.9,59.8
108,서울,2021-07-23,31.2,27.2,541,35.8,1604,,,22.7,61.8
108,서울,2021-07-24,31.7,26.9,548,36.5,1508,,,21.7,57.4
108,서울,2021-07-25,31.5,27.2,542,35.9,1547,,,21.3,55.8
108,서울,2021-07-26,31.2,27.4,608,35.4,1521,,,20.8,54.9
108,서울,2021-07-27,31.1,27.8,601,35.7,1520,,,22.4,60.5
108,서울,2021-07-28,30.4,27.1,600,34.7,1456,1.33,0,23.4,67.4
108,서울,2021-07-29,29.6,27,529,33.3,1303,,,23.3,69.9
108,서울,2021-07-30,30.5,25.8,559,35.4,1406,,,22.3,63.1
108,서울,2021-07-31,29.8,26.8,538,34.3,1457,2.75,3,23.4,69.9
108,서울,2021-08-01,27.1,25.1,2345,28.8,1237,13.42,21,23.6,81.8
108,서울,2021-08-02,26.5,25,17,28.6,1725,6.92,1.7,23.2,82.6
108,서울,2021-08-03,28,24.1,538,31.4,1441,.35,0,23.4,76.9
108,서울,2021-08-04,28.9,26.3,532,33.2,1426,,,22.8,70.6
108,서울,2021-08-05,29.4,25.6,407,33.7,1511,,,22.6,68.1
108,서울,2021-08-06,28.1,26,2332,32.2,1304,,,21.5,68.4
108,서울,2021-08-07,28,23.4,547,32.3,1616,,,20.4,65
108,서울,2021-08-08,26.8,24.4,607,32.1,1324,4.58,12.7,21.7,74.8
108,서울,2021-08-09,28.3,23.3,455,33.6,1530,,,20,62.4
108,서울,2021-08-10,27.7,24.3,549,32.2,1528,,,19.7,62.5
108,서울,2021-08-11,27.4,24.1,630,31.6,1624,1.25,0,21.3,70.3
108,서울,2021-08-12,26.8,24,2305,31.7,1432,1.08,0,19.9,67.1
108,서울,2021-08-13,26.6,23.4,201,30.1,1620,,,20.6,70.4
108,서울,2021-08-14,26.1,23.4,603,30.5,1449,,,18.5,63.9
108,서울,2021-08-15,26.9,21.7,457,32.4,1614,,,18,59.6
108,서울,2021-08-16,27.3,22.5,611,32.8,1627,.92,0,18.8,61.1
108,서울,2021-08-17,25.9,21.9,2357,31.3,1347,4.67,9.3,18.3,65
108,서울,2021-08-18,24.3,20.6,806,31,1511,3.97,5.6,18,69.6
108,서울,2021-08-19,26,21,429,31.5,1533,,,16.6,57.1
108,서울,2021-08-20,26.6,22.6,609,30.7,1641,.58,0,18.9,63.6
108,서울,2021-08-21,23.8,21,1312,25.5,1600,11.33,62.8,21.5,88.1
108,서울,2021-08-22,24.4,22.4,524,27,1319,1,0,20.9,81.5
108,서울,2021-08-23,22.4,21,2132,24,1124,11.33,7.4,20.5,89.3
108,서울,2021-08-24,23.4,21.1,1,26.4,1524,12.58,10.5,22.3,93.6
108,서울,2021-08-25,25,23.5,603,27.3,1502,4.25,.3,22.2,85.5
108,서울,2021-08-26,25.5,22.9,523,27.9,1442,1.17,.7,22.7,84.9
108,서울,2021-08-27,22.4,20.4,2317,25.5,1,10.38,.9,19.4,83.5
108,서울,2021-08-28,23.6,19.7,615,28.2,1443,,,19.8,80.4
108,서울,2021-08-29,23.7,21.9,752,26.3,1640,3.17,.9,20.4,82.6
108,서울,2021-08-30,24.2,21.2,605,27.7,1543,1.17,0,19.8,77.5
108,서울,2021-08-31,20.5,18.1,1810,23.1,1,16.55,77.4,19.2,93.3
108,서울,2021-09-01,21.4,18.5,121,23.9,1525,4.08,.8,18.2,83.1
108,서울,2021-09-02,23.5,20.7,551,26.7,1359,,,17.6,70.3
108,서울,2021-09-03,24.3,20.6,455,29.2,1543,,,15.6,60.3
108,서울,2021-09-04,23.2,18.5,548,28.6,1505,,,14,57
108,서울,2021-09-05,23.1,19.4,458,27.3,1311,,,15.1,61.1
108,서울,2021-09-06,22.3,18,2345,26.4,1252,9.17,12,16.2,70.1
108,서울,2021-09-07,19.6,17.6,112,20.9,1629,22.58,29.6,19.2,98.1
108,서울,2021-09-08,22.2,19,543,26.9,1428,6.67,1.6,18.5,81.3
108,서울,2021-09-09,23.5,19.1,432,29.1,1610,,,18.7,76.5
108,서울,2021-09-10,23.6,19.5,615,28.9,1423,,,18.8,76
108,서울,2021-09-11,24,19.9,619,29.4,1449,,,18.5,73.1
108,서울,2021-09-12,24.2,19.2,624,29.8,1557,,,16.8,64.6
108,서울,2021-09-13,24.8,20.8,610,30.3,1504,,,18.1,67.1
108,서울,2021-09-14,24.6,20,615,29.5,1626,,,16.6,63.3
108,서울,2021-09-15,23.6,19.5,620,28.9,1442,,,14.5,57.5
108,서울,2021-09-16,22.9,18,551,27.3,1323,,,14.7,61.1
108,서울,2021-09-17,23.5,20.5,658,28.2,1506,,,15.5,61.4
108,서울,2021-09-18,23.9,18.9,653,29.8,1529,,,16.6,65.1
108,서울,2021-09-19,23.7,20.8,2356,27.8,1513,,,16,62.9
108,서울,2021-09-20,23.7,19,603,28.4,1523,,,16.2,63.6
108,서울,2021-09-21,22,17.4,2353,26.2,1446,9.58,68.1,19.2,85.1
108,서울,2021-09-22,20.2,16.8,436,24.3,1524,2,4.5,16.1,79
108,서울,2021-09-23,20.9,16.9,300,25.9,1617,,,14.2,67.3
108,서울,2021-09-24,21.8,16.7,619,26.9,1529,,,15.2,67.5
108,서울,2021-09-25,21.2,18.7,427,23.1,1607,,,16,72.6
108,서울,2021-09-26,22.6,18.4,645,27.3,1535,,,15,63
108,서울,2021-09-27,21.6,18.7,544,25,1208,5.67,0,14.8,66
108,서울,2021-09-28,21.5,19.6,410,24.4,1247,9.28,1.3,16.6,75.1
108,서울,2021-09-29,20.2,17.8,2400,21.4,1132,12.25,13.1,19,93.5
108,서울,2021-09-30,20.3,16,609,25.9,1506,,,17.3,83.9
108,서울,2021-10-01,21.1,16.9,605,27.5,1416,2.17,13.3,16.1,75.8
108,서울,2021-10-02,20.7,16.4,540,26.6,1516,,,16.1,77.1
108,서울,2021-10-03,22.3,17.1,552,28.8,1447,,,15.8,69.5
108,서울,2021-10-04,22.9,19.2,223,25.6,1509,6.17,3.6,19.4,81
108,서울,2021-10-05,23.6,21.7,2338,26.5,1335,2.92,0,20.3,82.4
108,서울,2021-10-06,18.8,17.9,829,21.7,1,11.92,6.4,17.3,91.5
108,서울,2021-10-07,19.4,17.9,2353,21.9,1345,6.08,4.6,16.8,85.5
108,서울,2021-10-08,18.8,17.5,117,20,1359,8.58,3.5,17.3,91.3
108,서울,2021-10-09,20.9,18.5,339,24.1,1632,3.5,.4,17.9,83.5
108,서울,2021-10-10,19.9,14.9,2357,24.3,1209,13.33,14.2,17.9,89
108,서울,2021-10-11,15.2,12.6,646,17.8,1614,4.83,.3,11.4,78.6
108,서울,2021-10-12,17.9,15.8,130,21.3,1556,,,11.5,67.1
108,서울,2021-10-13,19.6,14.9,445,25.2,1555,,,13,66.6
108,서울,2021-10-14,19.7,17.4,659,23.9,1444,,,14.6,73.6
108,서울,2021-10-15,19,17,637,21.4,1356,7.83,0,14.2,74.4
108,서울,2021-10-16,10.7,4.2,2327,18.1,1,2.17,0,-.3,47.5
108,서울,2021-10-17,5.6,1.3,657,10.8,1548,,,-8.1,37.4
108,서울,2021-10-18,9.6,2.8,453,16.1,1347,4.08,5.6,1.9,60.4
108,서울,2021-10-19,10.9,7.1,2359,15,1336,2.75,4.4,5.8,72.8
108,서울,2021-10-20,9.5,4.6,612,15.8,1515,,,2.7,64.9
108,서울,2021-10-21,9.8,4.9,658,16.2,1511,,,2.9,64.1
108,서울,2021-10-22,10.8,5.2,658,17.2,1543,,,2.3,58.4
108,서울,2021-10-23,11.4,5.7,716,18.4,1408,,,2.6,57.3
108,서울,2021-10-24,11.4,6,713,18.1,1522,,,4.1,63.1
108,서울,2021-10-25,11.7,6.3,717,17.6,1528,,,4.7,64.5
108,서울,2021-10-26,13,7.7,638,19,1441,,,8.2,74.5
108,서울,2021-10-27,13.4,9.8,2349,18.1,1557,.75,0,5.8,63.4
108,서울,2021-10-28,12.7,7.1,709,20,1537,,,3.2,54.6
108,서울,2021-10-29,14.6,10.5,511,20.6,1456,,,5.6,55.9
108,서울,2021-10-30,13.8,11,704,18,1612,,,6.5,62.4
108,서울,2021-10-31,14.1,9.2,652,20.3,1426,.58,.7,9,73.3
108,서울,2021-11-01,12.9,10.3,717,16.9,1452,,,8.6,77.3
108,서울,2021-11-02,11.5,7.9,541,16.9,1452,,,7.2,76.6
108,서울,2021-11-03,12.1,7.6,709,17.1,1349,,,6.5,71.1
108,서울,2021-11-04,12.1,8.4,718,16.3,1611,.25,0,8.6,80.4
108,서울,2021-11-05,13,7.8,711,20.2,1432,,,6.3,68.5
108,서울,2021-11-06,14.1,8.8,617,21.3,1416,,,6,61.1
108,서울,2021-11-07,15.3,9.7,709,21.3,1332,,,6.6,57.5
108,서울,2021-11-08,8.6,4.5,2347,15.5,1,18.5,25.7,5.5,82.1
108,서울,2021-11-09,4.9,3,348,6.5,1630,11.08,2,1.7,80.3
108,서울,2021-11-10,4.2,.7,452,7.7,1526,4.58,.3,-.2,73.4
108,서울,2021-11-11,5.3,2.1,530,9.7,1238,.17,0,-1.8,60.6
108,서울,2021-11-12,4.5,1.3,729,8.6,1413,,,-3.8,55.4
108,서울,2021-11-13,7.3,.5,704,13.4,1336,,,1.2,66.1
108,서울,2021-11-14,11.3,7.8,509,16.4,1332,,,5.5,69.8
108,서울,2021-11-15,10.1,5.8,738,15.7,1432,,,4.4,71.3
108,서울,2021-11-16,8.5,4.4,716,13.6,1358,,,1.6,65.5
108,서울,2021-11-17,7.5,2.7,655,12.5,1248,,,.6,64.1
108,서울,2021-11-18,11.9,7.7,25,16.2,1410,2.08,0,6.6,70.8
108,서울,2021-11-19,12.9,10.2,2356,16.7,1425,,,10.2,84.8
108,서울,2021-11-20,10.4,6.8,728,15.6,1446,,,6.2,77
108,서울,2021-11-21,10.4,7.6,2358,13.1,1350,2.92,5.9,5.8,74.4
108,서울,2021-11-22,2.7,-.6,2342,7.5,1,2.92,1.3,-4,61.8
108,서울,2021-11-23,-.6,-3.7,728,2.3,1519,,,-7.3,60.9
108,서울,2021-11-24,4.1,-2.6,248,9.1,1330,.17,0,-2.1,64.3
108,서울,2021-11-25,5.7,2.6,2352,9.9,1356,,,-3.2,55
108,서울,2021-11-26,2.9,-.5,556,7.2,1214,.83,0,-4.9,57.5
108,서울,2021-11-27,3.4,-1.4,730,10.1,1503,,,-5.7,53
108,서울,2021-11-28,5.1,-1.3,743,12.4,1415,,,-4.4,52.4
108,서울,2021-11-29,7.6,2.5,606,13.7,1541,,,.7,62
108,서울,2021-11-30,5.7,.7,2356,8.9,1334,13.75,27.2,2.4,80.4
108,서울,2021-12-01,-1.3,-3,2335,1.5,1541,,,-10,51.8
108,서울,2021-12-02,1.3,-4.6,724,5,2029,2.58,.1,-3.9,68.9
108,서울,2021-12-03,1.9,-1.8,2348,4.6,319,2,.4,-7.2,53.3
108,서울,2021-12-04,1.4,-2.7,420,7,1454,,,-8.5,48.5
108,서울,2021-12-05,2.9,-2.3,728,9.6,1423,,,-6.7,50.4
108,서울,2021-12-06,5.4,-.7,654,12.1,1421,,,-1.7,61.4
108,서울,2021-12-07,6.8,2.6,721,13.3,1512,,,1,68.3
108,서울,2021-12-08,6.7,1.9,731,13.3,1456,,,1.2,70
108,서울,2021-12-09,6.5,2.7,526,9.7,1440,,,1.3,70.3
108,서울,2021-12-10,7,5.8,2139,8.2,1441,2.78,.7,3.9,81.5
108,서울,2021-12-11,6,4.4,753,9.8,1338,,,3.3,83.6
108,서울,2021-12-12,1.2,-3.8,2342,5.1,7,,,-5.9,61.8
108,서울,2021-12-13,-2.2,-5.9,640,1.9,1540,,,-13.1,43.8
108,서울,2021-12-14,3.7,-.7,1,8.2,1349,7.58,1.2,-2.6,64.9
108,서울,2021-12-15,7.2,5.4,2358,10,1226,4.25,2.1,4.7,84.8
108,서울,2021-12-16,6.4,3.3,2355,9.8,1322,.38,0,1.3,71.6
108,서울,2021-12-17,-5.6,-10.1,2333,3.2,1,,,-14.5,50.5
108,서울,2021-12-18,-5.7,-11.2,801,-1.8,1402,4.33,2.8,-12,64.1
108,서울,2021-12-19,-.8,-5.8,811,4.2,1544,1.17,.2,-7.1,63.8
108,서울,2021-12-20,5.2,-.9,1,11.1,1336,.33,0,1.5,77.9
108,서울,2021-12-21,5.2,.8,2358,8.9,1508,,,-.4,70.9
108,서울,2021-12-22,2.2,-2.6,717,8.2,1512,,,-8.2,47.4
108,서울,2021-12-23,2.7,-1.5,716,8.3,1451,,,-6.1,53.5
108,서울,2021-12-24,-.3,-7.3,2400,3.2,1157,2.33,.2,-6,65.3
108,서울,2021-12-25,-11.7,-14.4,2258,-7.3,1,,,-22,42.4
108,서울,2021-12-26,-12.1,-15.5,817,-7.3,1526,,,-22.1,43.5
108,서울,2021-12-27,-7.6,-12.9,123,-3.9,1634,2.08,0,-14,60.9
108,서울,2021-12-28,-4.1,-8.5,712,-.9,1600,,,-8.2,73.8
108,서울,2021-12-29,.4,-3.8,154,5.9,1518,1.58,.2,-4,72.9
108,서울,2021-12-30,-3.9,-6.8,714,.2,1531,.5,0,-13.3,48.5
108,서울,2021-12-31,-6.7,-8.8,745,-3.9,1510,,,-19.5,35.9
108,서울,2022-01-01,-4.3,-10.2,710,2.3,1544,,,-14.4,46.3
108,서울,2022-01-02,-1.3,-5.2,2356,3,1551,4.17,.3,-8.8,57.9
108,서울,2022-01-03,-1.9,-8,714,2.5,1542,4,0,-9.3,58.3
108,서울,2022-01-04,-2.5,-5.6,2400,1,1445,.92,0,-11.8,51.8
108,서울,2022-01-05,-2.8,-7.8,634,1.9,1518,,,-12.5,47.6
108,서울,2022-01-06,-2.2,-5.9,745,3.3,1604,,,-12.3,47.1
108,서울,2022-01-07,-1.6,-5.9,634,4.5,1525,,,-12,47.1
108,서울,2022-01-08,.3,-5,729,3.7,1623,.17,0,-5.7,64.3
108,서울,2022-01-09,1.3,-1.2,2353,5.6,1522,,,-3.5,71.5
108,서울,2022-01-10,.5,-3.4,735,4.4,1348,3.83,.9,-5.1,68.3
108,서울,2022-01-11,-7.4,-10.3,2326,.3,1,1.5,.2,-14.9,55.5
108,서울,2022-01-12,-7.7,-11.3,223,-3.4,1521,,,-17,47.8
108,서울,2022-01-13,-6.4,-8.9,2352,-3.1,1456,,,-16.3,45.8
108,서울,2022-01-14,-4.8,-10.1,750,1.3,1526,,,-16.3,41.8
108,서울,2022-01-15,-1,-5.3,426,1.8,1545,.92,0,-10.6,48.3
108,서울,2022-01-16,-2,-7.2,2352,2.4,208,.42,0,-10.4,54.5
108,서울,2022-01-17,-5.8,-9.2,518,.1,1317,4.92,.5,-12.5,59.9
108,서울,2022-01-18,-5.6,-9.9,744,-.7,1514,,,-15.3,47.9
108,서울,2022-01-19,-5.3,-7.7,2357,-2.7,1558,7.08,1.7,-9.6,72.3
108,서울,2022-01-20,-5,-9.8,605,.9,1603,,,-11.1,63.5
108,서울,2022-01-21,-2.7,-8.7,755,4.6,1534,,,-10.9,55.6
108,서울,2022-01-22,.3,-5,734,7.1,1512,,,-8.7,52.4
108,서울,2022-01-23,2,-.6,549,6.7,1411,,,-6.8,52.4
108,서울,2022-01-24,4.6,1.3,1,8.4,1329,,,-3.6,56
108,서울,2022-01-25,2.8,1.9,822,4.5,1,11.75,.7,-.4,80
108,서울,2022-01-26,1.3,-1.9,639,6.8,1429,,,-5.7,62.8
108,서울,2022-01-27,-1.1,-4.6,757,4,1541,,,-10.5,50
108,서울,2022-01-28,-2.7,-5.9,811,2.1,1516,,,-11.5,51.6
108,서울,2022-01-29,-3.6,-7.2,741,.9,1531,,,-13.3,48.9
108,서울,2022-01-30,-2.8,-8,713,2.4,1629,,,-13.4,45.4
108,서울,2022-01-31,-.7,-6.8,736,4.8,1507,2.75,1.2,-7.9,59
108,서울,2022-02-01,-1.3,-2.7,2345,.9,1601,4.83,1.7,-4.9,76.6
108,서울,2022-02-02,-3.4,-6,541,0,1529,,,-10.4,60.5
108,서울,2022-02-03,-3.4,-6.9,746,.4,1458,,,-12.2,52.4
108,서울,2022-02-04,-5.2,-8.2,2356,-.7,1404,.67,0,-13.4,53.3
108,서울,2022-02-05,-6.6,-9.7,742,-2,1508,,,-15.7,48.8
108,서울,2022-02-06,-3.9,-8.4,500,1.7,1537,,,-13,50.3
108,서울,2022-02-07,-2.5,-7.3,510,1.9,1259,,,-11.6,51.3
108,서울,2022-02-08,-.1,-4.1,629,5.6,1555,,,-9,53.8
108,서울,2022-02-09,1,-4.3,757,7.2,1400,,,-8.4,52.3
108,서울,2022-02-10,1.4,-3.2,707,6.7,1544,,,-6.3,57.8
108,서울,2022-02-11,2.9,-2.6,740,8.8,1449,,,-4.3,61.1
108,서울,2022-02-12,4.8,-.1,727,10.4,1605,,,-6.1,50.4
108,서울,2022-02-13,4.8,1.6,330,9.5,1616,,,-6.3,44.9
108,서울,2022-02-14,2.5,-1.3,2352,8.1,1248,2.42,1.7,-3,68.3
108,서울,2022-02-15,-4.7,-7.7,2321,-1.3,1,12.17,0,-11.8,58
108,서울,2022-02-16,-7.3,-9.6,2400,-4.1,1526,.33,0,-16.1,50.4
108,서울,2022-02-17,-6.2,-10.7,752,-.5,1554,,,-17.3,41.6
108,서울,2022-02-18,-1.2,-8,716,5.7,1531,,,-13.5,40.4
108,서울,2022-02-19,-1.7,-6.2,2345,3.7,1403,2.17,.1,-10.3,52.9
108,서울,2022-02-20,-4.8,-8.4,703,-.5,1548,,,-16.3,41.1
108,서울,2022-02-21,-3,-8.1,623,3.6,1415,2.58,.1,-10.6,56.3
108,서울,2022-02-22,-4.5,-8,2400,.5,1438,,,-15.2,43.3
108,서울,2022-02-23,-5.6,-10,721,-.6,1623,,,-18,38.5
108,서울,2022-02-24,-2.4,-8.5,508,3.7,1454,,,-11.1,52.4
108,서울,2022-02-25,3,-3.6,716,8.4,1537,,,-.7,77.5
108,서울,2022-02-26,5.4,1,2355,9.3,1313,3.58,1.1,1.8,78.4
108,서울,2022-02-27,3.7,-1.6,730,9.1,1513,,,-4.5,56.6
108,서울,2022-02-28,6.8,2.7,48,11.5,1626,,,-.5,62.3
108,서울,2022-03-01,5.8,.3,2355,9.7,1616,7.08,2.3,.5,70.5
108,서울,2022-03-02,3.5,-2.3,611,8.8,1256,,,-5,55.9
108,서울,2022-03-03,5.8,.9,720,12.4,1413,,,-4.6,52.9
108,서울,2022-03-04,6.9,.6,652,14.6,1338,,,-.5,60.5
108,서울,2022-03-05,2.3,-.7,2341,6.7,1600,,,-11,38.4
108,서울,2022-03-06,1.4,-3,629,6.8,1603,,,-11.5,39.5
108,서울,2022-03-07,2.8,-2.7,703,8.7,1505,,,-8.1,45.8
108,서울,2022-03-08,6,1.1,307,12.3,1455,,,-2.3,56.1
108,서울,2022-03-09,7.1,1.7,706,14.8,1520,,,1.3,69.6
108,서울,2022-03-10,9.3,4.2,658,15.8,1534,,,-1.6,51.4
108,서울,2022-03-11,11.2,5.1,641,18.4,1544,,,3.2,58.4
108,서울,2022-03-12,12.8,6.3,632,19.5,1408,3.33,2.6,7.6,72.1
108,서울,2022-03-13,11.7,10.7,111,12.6,1,12.42,42.1,10.9,95.5
108,서울,2022-03-14,8.2,4.9,2350,13.2,1205,5.58,8.7,6.6,90.3
108,서울,2022-03-15,7.2,2.3,702,13.3,1538,,,2.2,72.6
108,서울,2022-03-16,10.3,3.6,703,16.8,1513,,,3,62.6
108,서울,2022-03-17,10.7,7.8,2333,15.1,1413,5.5,1.2,3.5,62
108,서울,2022-03-18,7.5,5.5,2356,9.6,1246,4.17,0,.3,60.8
108,서울,2022-03-19,3.4,.9,721,6.1,1557,11.58,14.6,1,84.6
108,서울,2022-03-20,5.4,2.2,2400,9.3,1556,3.58,0,-.8,66.1
108,서울,2022-03-21,5,-.3,640,10.9,1355,,,-5.1,49.5
108,서울,2022-03-22,7.1,1.1,637,13.6,1617,,,-3.5,48.9
108,서울,2022-03-23,6.2,4.9,616,8.2,1615,,,-1.9,56.8
108,서울,2022-03-24,8.2,3.9,453,12.4,1459,,,3.1,70.6
108,서울,2022-03-25,12,6.3,559,17.2,1549,4.75,10.9,6.2,70
108,서울,2022-03-26,11.8,9.5,959,14.7,1735,11.08,19.8,8.2,80.9
108,서울,2022-03-27,8.1,5,2354,12.6,1432,,,-2.7,49.1
108,서울,2022-03-28,8.2,1.5,611,15.1,1600,,,-6.9,35.6
108,서울,2022-03-29,9.7,3.3,533,15.6,1545,,,.3,52.9
108,서울,2022-03-30,10.8,5.9,629,15.7,1209,3.25,.4,6.6,76.5
108,서울,2022-03-31,10.9,7.6,2352,14.7,1421,,,3.8,63.5
108,서울,2022-04-01,9.2,4.5,620,14.9,1347,,,-1.3,50.5
108,서울,2022-04-02,8.2,3.7,618,14.2,1444,,,-1.1,55
108,서울,2022-04-03,9.6,3.5,629,17,1527,,,-.2,55
108,서울,2022-04-04,10.3,5.1,638,16.4,1328,,,-.7,50.3
108,서울,2022-04-05,10.3,4.9,615,15.8,1409,,,-3,41.1
108,서울,2022-04-06,11.7,8,600,17,1431,,,1.4,52.3
108,서울,2022-04-07,10.9,7.4,2359,15.7,1310,,,-1.8,43.5
108,서울,2022-04-08,12.9,5.1,612,20,1521,,,1.4,49
108,서울,2022-04-09,17.8,12.4,751,24.2,1418,1.08,.5,5,43.8
108,서울,2022-04-10,18.2,12.7,614,25.1,1501,,,5.6,46
108,서울,2022-04-11,19.6,13.4,556,26.6,1529,,,11.2,60.4
108,서울,2022-04-12,19.3,15.9,2358,26.4,1449,4,.5,15,77.9
108,서울,2022-04-13,13.1,12,2135,15.9,1,5.5,1.3,7.2,69.3
108,서울,2022-04-14,13.2,11.4,2335,15.3,1411,,,3.8,53.4
108,서울,2022-04-15,13.3,7.5,627,19.3,1602,,,1.7,46.8
108,서울,2022-04-16,13.2,7.1,557,20.2,1513,,,1.5,48.5
108,서울,2022-04-17,14,7.2,559,21.9,1418,,,3.5,53.8
108,서울,2022-04-18,15.2,11.4,309,21.6,1427,,,2.6,46.1
108,서울,2022-04-19,15.2,8.9,614,22.1,1357,,,4.6,51.9
108,서울,2022-04-20,15.7,9.7,610,22.1,1357,,,4,48.8
108,서울,2022-04-21,16.3,9.6,543,22.7,1343,,,4.4,48.4
108,서울,2022-04-22,15,13.2,2349,16.8,929,,,10.8,76.8
108,서울,2022-04-23,17.7,10.4,539,25.3,1555,,,7.2,57.3
108,서울,2022-04-24,18.5,15,608,24.5,1418,4.75,.3,13.1,72.5
108,서울,2022-04-25,20,17,1,23.6,1606,11.25,1.3,16.3,80.5
108,서울,2022-04-26,21.9,17,437,28.7,1451,4.83,1,12.5,57.9
108,서울,2022-04-27,17.7,12.6,528,23.9,1551,,,.1,31.5
108,서울,2022-04-28,18.2,11.6,603,25.9,1432,.25,0,4.9,44
108,서울,2022-04-29,13.4,10.7,619,16.5,1236,9.75,15.5,7.8,70.6
108,서울,2022-04-30,13,10.5,143,17.8,1326,,,7,68
108,서울,2022-05-01,13.4,7.9,514,19.2,1512,,,3.3,54.8
108,서울,2022-05-02,14.2,9.1,538,19.4,1508,,,4.3,56.5
108,서울,2022-05-03,14.8,9.1,606,20.8,1535,,,2.2,45.9
108,서울,2022-05-04,17.8,10,620,25.2,1348,,,4.8,43.3
108,서울,2022-05-05,18.9,12.5,557,25.8,1501,,,7.1,48.1
108,서울,2022-05-06,19.6,13.7,530,25.6,1345,,,12.8,67.1
108,서울,2022-05-07,18.4,15.3,754,23.1,1319,3.92,.5,6.3,52.4
108,서울,2022-05-08,15.3,11.7,2344,18.2,1230,5.58,2,4.6,51.8
108,서울,2022-05-09,17.9,11,613,25.3,1620,,,8.2,56.4
108,서울,2022-05-10,19.9,13.6,547,26.3,1529,1.33,0,4.1,39
108,서울,2022-05-11,19.7,16.6,2353,25.2,1508,.92,0,8.7,50.4
108,서울,2022-05-12,20.9,14.1,607,28.1,1540,,,9.8,51.5
108,서울,2022-05-13,19.4,15,2358,25.2,1355,,,6.9,45.8
108,서울,2022-05-14,15.7,11.9,545,20,1342,,,3.5,45.5
108,서울,2022-05-15,16.2,10.5,516,22.4,1509,,,1.8,39.8
108,서울,2022-05-16,17.3,10.9,537,23.7,1352,,,8,56.3
108,서울,2022-05-17,20,13,551,27.4,1527,,,11.3,60.1
108,서울,2022-05-18,20,15.7,442,25.4,1404,2.33,1.5,11.4,59.4
108,서울,2022-05-19,19.9,16.1,614,24.2,1406,,,9.9,53.6
108,서울,2022-05-20,20.6,15.6,543,25.8,1322,,,10.1,52.8
108,서울,2022-05-21,20.1,16.1,2349,26,1420,,,14.2,70.8
108,서울,2022-05-22,20.3,15.7,315,25.8,1450,,,14.5,70.9
108,서울,2022-05-23,23,17.8,108,30.7,1513,,,15.1,63.5
108,서울,2022-05-24,22.9,16.7,528,30.2,1450,,,12.9,56.8
108,서울,2022-05-25,21,16.7,2400,26.7,1211,4.92,3.5,13.9,66.6
108,서울,2022-05-26,18.7,14.1,540,23.5,1513,.75,0,9.7,59.9
108,서울,2022-05-27,20,16,601,25.6,1552,.17,0,12.2,62.5
108,서울,2022-05-28,22.3,15,439,29.3,1426,,,11.7,54.1
108,서울,2022-05-29,23.1,19.3,446,29.7,1648,,,16.1,66.4
108,서울,2022-05-30,20.8,17.2,2335,24.7,1237,1.08,0,15.2,71
108,서울,2022-05-31,20.7,14.2,525,27.2,1428,,,6.4,42.4
108,서울,2022-06-01,22.1,16.2,547,28.6,1415,,,7.3,41.6
108,서울,2022-06-02,21.5,17.1,150,26.9,1324,,,14.8,67.4
108,서울,2022-06-03,24.5,18.7,23,32.6,1506,,,16.3,62.8
108,서울,2022-06-04,25.6,20.3,546,29.7,1724,,,16,57
108,서울,2022-06-05,22.7,20.2,2132,27,1142,1.58,0,14.3,59.8
108,서울,2022-06-06,19.7,16.7,2323,24.5,1517,8,4.3,13.4,69
108,서울,2022-06-07,20.6,15.1,550,25.1,1236,.67,0,10.8,54.5
108,서울,2022-06-08,21.2,16.2,541,25.8,1449,,,13.3,61.6
108,서울,2022-06-09,20.9,18.5,517,24.5,1620,4.33,2.6,16.4,76.1
108,서울,2022-06-10,20.9,17.2,534,26.6,1128,2.67,1.2,16.2,75.8
108,서울,2022-06-11,24.6,17.7,527,32.7,1629,,,15.5,59.6
108,서울,2022-06-12,24.6,18.9,525,31.5,1520,,,15.5,58.9
108,서울,2022-06-13,23.6,19.6,513,29.2,1234,3.83,18,17.1,68.5
108,서울,2022-06-14,21.5,17.7,2357,27.1,1245,1.67,0,12.2,56.4
108,서울,2022-06-15,17.5,14.9,603,20.1,1921,17.58,18.5,16.2,92.4
108,서울,2022-06-16,20.3,17.6,619,24.8,1737,4.33,.7,16.1,78.4
108,서울,2022-06-17,22.5,16.5,533,28.1,1413,,,17.9,76.4
108,서울,2022-06-18,23.3,22,538,25.1,1722,.25,0,19.5,79.6
108,서울,2022-06-19,23.4,22.3,303,25.1,1719,,,20,81.6
108,서울,2022-06-20,25.2,22,543,29,1611,,,20.5,76.6
108,서울,2022-06-21,26.5,21.2,553,32.6,1539,,,20.8,72.6
108,서울,2022-06-22,25.9,21.9,344,31,1542,,,19.9,71.1
108,서울,2022-06-23,24.3,23.3,2216,26.4,1130,13.5,103,22.2,89.1
108,서울,2022-06-24,22.6,20.6,617,24.9,1805,6.83,19.1,21,90.9
108,서울,2022-06-25,26,21.5,221,30.5,1512,,,22.2,80.4
108,서울,2022-06-26,26.5,24.8,234,28.1,1500,,,23.1,82.1
108,서울,2022-06-27,26.8,25.4,454,28.1,1107,14.25,6.1,23.8,84.4
108,서울,2022-06-28,26.9,25.7,2337,27.9,1001,14.08,6.3,23.4,81.9
108,서울,2022-06-29,25.1,24.4,2134,26.1,1733,20.75,37.8,24.3,95.5
108,서울,2022-06-30,22.3,21.2,1739,24.5,1,22.83,176.2,22.1,99.3
108,서울,2022-07-01,26.6,21.9,1,30.9,1536,,,23.2,83.3
108,서울,2022-07-02,28.8,24,521,33.8,1601,,,23,72.8
108,서울,2022-07-03,29.3,24.4,612,34.2,1522,,,22.5,68.6
108,서울,2022-07-04,29.3,26.4,524,32.6,1621,.83,0,23.5,71.8
108,서울,2022-07-05,29.2,26.7,459,33.1,1545,1.42,0,23.9,73.8
108,서울,2022-07-06,29.5,26.2,502,33.3,1645,2.5,16.1,24.6,76
108,서울,2022-07-07,28.2,26.4,439,31,1608,3.67,0,24.8,82.3
108,서울,2022-07-08,25.8,24,2357,27.9,1647,6.25,1.7,22.8,84.4
108,서울,2022-07-09,26.9,24,1,30.9,1416,6,.1,23.4,82.1
108,서울,2022-07-10,29.2,24.6,529,35.1,1547,.42,0,22.2,68
108,서울,2022-07-11,27,24.7,316,30.6,1226,2.5,9,22,75
108,서울,2022-07-12,26.8,23.2,508,29.4,1402,,,21.5,73.1
108,서울,2022-07-13,25,24,1253,27.1,1,19.98,114.5,23.8,93.9
108,서울,2022-07-14,25.7,23.3,405,29.9,1533,5.92,.9,22.7,84.6
108,서울,2022-07-15,26,23,440,30.3,1544,,,21.2,76.5
108,서울,2022-07-16,24.8,23.2,2354,28.2,1323,4.08,34,21.7,83.4
108,서울,2022-07-17,25.5,22.5,406,29.7,1518,1.5,0,21.3,78.9
108,서울,2022-07-18,26.8,23.1,530,30.1,1258,,,22,76
108,서울,2022-07-19,27.4,24.3,532,31.1,1549,,,22.1,74.1
108,서울,2022-07-20,27.1,24.3,2400,30.4,1435,3.83,1.1,22.3,76.1
108,서울,2022-07-21,23.2,20.8,622,25.2,1840,10.83,10.4,20.9,87.6
108,서울,2022-07-22,25.1,22.9,507,27.5,1718,1.75,5.2,21.6,81.5
108,서울,2022-07-23,24.8,22.3,2320,28,1344,8.58,9.9,21.7,83.6
108,서울,2022-07-24,25,22,118,28.4,1627,3.67,1.2,22.5,86.9
108,서울,2022-07-25,27.5,23.6,546,32,1616,,,22.3,75
108,서울,2022-07-26,28.9,24.4,530,33.1,1428,,,23.2,72.5
108,서울,2022-07-27,29.3,26.4,547,33.4,1509,,,22.1,66.3
108,서울,2022-07-28,29.7,25.1,545,34.4,1509,,,21.9,63.8
108,서울,2022-07-29,30.7,27.3,511,34.3,1419,,,23.9,68.1
108,서울,2022-07-30,30.9,27.3,532,36.1,1440,2.33,1,24.2,68.4
108,서울,2022-07-31,27.2,25.4,2327,29,1,15.75,47.2,24.5,85.8
108,서울,2022-08-01,28.6,25.4,4,32.4,1420,14.83,30,25,82.4
108,서울,2022-08-02,26.8,25.5,2257,28.5,1,18.58,33.5,24.9,90
108,서울,2022-08-03,27.1,25.2,457,30,1600,13.25,51.1,25.2,90.1
108,서울,2022-08-04,28.9,26,549,32.9,1532,.42,0,24.8,79.3
108,서울,2022-08-05,29.4,27,111,32.7,1430,.5,0,24.7,76.6
108,서울,2022-08-06,28.7,27.4,454,30.3,1718,1.67,13.6,25.9,85.3
108,서울,2022-08-07,28.9,27.2,354,31.7,1421,3.33,.9,25.4,82.1
108,서울,2022-08-08,26.8,,,28.4,1,20.92,129.6,25.2,91.6
108,서울,2022-08-09,25.1,22,2354,26.5,1538,21.5,123.1,24.4,96
108,서울,2022-08-10,24.7,21.4,455,28.8,1503,6.5,7.6,21.8,85.3
108,서울,2022-08-11,25,23.4,528,27.5,1502,10.67,38.8,22.8,87.9
108,서울,2022-08-12,27,23,614,32.4,1557,,,21.5,73.8
108,서울,2022-08-13,25.8,24.7,1305,27.5,1743,4.67,4,22.5,82.8
108,서울,2022-08-14,27.6,24.5,553,31.5,1414,1.5,3,24.3,83
108,서울,2022-08-15,28.1,26.6,2357,29.8,1233,4.42,.9,24.9,83
108,서울,2022-08-16,26.7,24.1,652,30,1531,.75,0,21.8,75.4
108,서울,2022-08-17,26,22.8,618,30.5,1338,.75,0,21.4,76.6
108,서울,2022-08-18,25.6,22.4,556,29.8,1408,,,20.8,75.8
108,서울,2022-08-19,26,23.3,355,27.5,1527,10.33,66.1,23.4,86.1
108,서울,2022-08-20,28.2,25.7,628,32,1437,1.83,0,24.2,80
108,서울,2022-08-21,28.1,24.7,634,32,1549,,,23.1,75.3
108,서울,2022-08-22,26.8,22.9,2302,30.2,1356,2,3.2,22,75.6
108,서울,2022-08-23,25.4,22.4,513,30.2,1533,6.17,2.2,20.2,75
108,서울,2022-08-24,24.8,22.4,500,27.9,1145,,,18.1,66.9
108,서울,2022-08-25,22.2,21.1,2322,24,1054,7.08,1.6,18.1,78
108,서울,2022-08-26,23.8,19.9,626,28.4,1512,,,18.9,75.3
108,서울,2022-08-27,21.5,17.6,638,25.5,1541,.58,17.6,13.6,63.1
108,서울,2022-08-28,22.6,16.1,538,28.4,1644,,,13.8,59.4
108,서울,2022-08-29,21,19.5,940,22.5,1,11.58,2.2,16,74
108,서울,2022-08-30,19.1,17.9,527,20.3,1,21.42,35.8,18.5,96.3
108,서울,2022-08-31,21.7,19.6,32,24.9,1703,4.17,0,18.6,83.3
108,서울,2022-09-01,24,18.3,614,30.4,1553,,,17.8,70.8
108,서울,2022-09-02,24.7,20.3,648,29.8,1540,,,16.5,61.8
108,서울,2022-09-03,24.2,20.5,630,29.2,1456,,,16.6,63
108,서울,2022-09-04,22.3,19.8,632,24,1905,13.67,33.8,20.2,88.6
108,서울,2022-09-05,19.2,17.7,2103,22.7,1,24,120,18.4,95.9
108,서울,2022-09-06,21,17,254,26.3,1601,8.92,25.3,16.6,78
108,서울,2022-09-07,22.8,17.9,701,28.1,1511,,,14.9,65.3
108,서울,2022-09-08,23.2,16.7,635,29.5,1555,,,15.9,65.5
108,서울,2022-09-09,24.3,18.9,620,30.8,1526,,,15,59.1
108,서울,2022-09-10,23.6,19,646,28.4,1636,,,13,52.3
108,서울,2022-09-11,23.3,20.6,638,26.4,1331,1.83,.1,17,68.6
108,서울,2022-09-12,23.8,20.3,558,27.5,1541,,,19.2,76.1
108,서울,2022-09-13,24.3,21.8,626,26.4,1341,4.83,0,19,73
108,서울,2022-09-14,24.6,22.7,2334,27.9,1410,1.17,0,15.3,56.9
108,서울,2022-09-15,25.2,22,504,28.3,1539,.42,.1,18.5,66.9
108,서울,2022-09-16,25.7,23.4,605,29.9,1326,5.5,14.6,21.5,78.6
108,서울,2022-09-17,25.6,23.3,537,29.4,1619,1.92,4.3,22.3,83.1
108,서울,2022-09-18,27.1,23,616,32.5,1551,,,22,75.3
108,서울,2022-09-19,24.6,19.5,2359,29.6,1306,,,16.9,63.1
108,서울,2022-09-20,19.9,16.1,631,24.6,1506,,,10.7,57
108,서울,2022-09-21,19.4,13,626,25.6,1449,,,10.1,56.9
108,서울,2022-09-22,19.8,14.2,635,24.7,1454,,,11.6,60.1
108,서울,2022-09-23,17.5,14.7,2354,22.2,1026,.67,3.3,11.4,68.9
108,서울,2022-09-24,18.5,12.3,645,24.2,1503,,,11.1,64.6
108,서울,2022-09-25,19.6,15.4,553,25.2,1450,,,11.9,63.3
108,서울,2022-09-26,20,14.8,642,25.4,1456,,,10.8,58.5
108,서울,2022-09-27,20.9,14,642,28,1535,,,11.7,59
108,서울,2022-09-28,20.4,16.1,630,26.1,1617,,,14.7,71
108,서울,2022-09-29,20.4,16.4,612,26.5,1612,,,14.9,73.5
108,서울,2022-09-30,20.7,14.8,705,27.7,1522,,,13.9,68
108,서울,2022-10-01,20.9,14.4,641,27.6,1357,,,13,63.3
108,서울,2022-10-02,19.4,17.2,2232,21.6,1321,15.08,15.8,15.4,78.9
108,서울,2022-10-03,21.4,17.5,1,23.4,2004,22.58,76,21,98.5
108,서울,2022-10-04,17.9,14.2,2329,23,1,7.08,11.8,14.9,83.8
108,서울,2022-10-05,16.6,14.1,34,21.6,1519,3.58,.1,11.8,74.8
108,서울,2022-10-06,15.8,12.7,640,19.1,1419,2.25,0,11.6,76.6
108,서울,2022-10-07,14.3,11,651,18.6,1522,,,8.6,69.5
108,서울,2022-10-08,15.8,11.1,654,21.6,1508,,,8.7,64.6
108,서울,2022-10-09,13.1,10.7,2221,14.5,117,13.67,20.4,10.6,85.8
108,서울,2022-10-10,9.9,8.2,2034,11.9,1408,4.58,0,5.1,72.9
108,서울,2022-10-11,11.1,7.4,250,16.4,1531,,,5.4,69.1
108,서울,2022-10-12,13.5,6.5,645,20.6,1513,,,7.2,68.1
108,서울,2022-10-13,16.3,10.7,639,22.7,1435,,,10.2,69.6
108,서울,2022-10-14,17.1,12.4,529,23,1454,,,11.9,73.4
108,서울,2022-10-15,18.2,12.6,653,24.4,1505,,,11.8,68.5
108,서울,2022-10-16,16.9,15.1,2400,20.5,1202,,,12.1,73.9
108,서울,2022-10-17,11.2,7.4,2344,15.1,1,,,.6,50.3
108,서울,2022-10-18,9.4,5,657,14.2,1451,,,-.3,52.1
108,서울,2022-10-19,10.5,4.4,654,16.8,1510,,,1.9,57.8
108,서울,2022-10-20,12.9,6,711,19.7,1500,,,5.7,64.4
108,서울,2022-10-21,14,8.8,707,20.9,1431,,,7.7,68.8
108,서울,2022-10-22,15.1,10.5,724,20.8,1412,,,10.6,76.3
108,서울,2022-10-23,14,10.4,2356,18.6,1459,,,6.8,65
108,서울,2022-10-24,10.6,7.5,2356,14.8,1521,,,.6,52.6
108,서울,2022-10-25,11.3,5.9,531,17.6,1535,,,2.6,56.5
108,서울,2022-10-26,12.9,8,653,17.8,1350,,,4.5,58.3
108,서울,2022-10-27,13.2,8.6,701,18.9,1414,,,7.9,71.8
108,서울,2022-10-28,13.6,8.2,636,20.6,1525,,,7.9,70.1
108,서울,2022-10-29,14.8,10.2,709,21.3,1507,,,8,65.9
108,서울,2022-10-30,14.9,10.4,702,21.3,1503,,,7.8,64.5
108,서울,2022-10-31,14.9,11.2,710,21.1,1406,,,9.1,69.8
108,서울,2022-11-01,13.1,9.4,2355,17.8,1511,,,8.1,73.5
108,서울,2022-11-02,11.1,5.5,715,17.9,1431,,,2,57.1
108,서울,2022-11-03,9.3,5.6,2356,13.4,1242,1.75,0,1.3,58.1
108,서울,2022-11-04,4.9,1.6,709,9.8,1440,,,-7.5,41.8
108,서울,2022-11-05,6.5,.8,721,13.6,1522,,,-3.6,51.3
108,서울,2022-11-06,9.6,3.7,730,16.4,1359,,,1.8,60.5
108,서울,2022-11-07,11.4,6.1,546,16.6,1432,.17,0,4.6,64.5
108,서울,2022-11-08,12.9,9.7,739,17.9,1414,,,6.9,68.3
108,서울,2022-11-09,11.4,6.7,718,16,1404,,,7.1,76
108,서울,2022-11-10,13.5,8.8,641,19.1,1408,,,8.8,74.5
108,서울,2022-11-11,15.6,10.9,434,22.1,1538,,,8.1,62.5
108,서울,2022-11-12,16.3,11.6,501,22,1318,7.5,57.9,12.5,80
108,서울,2022-11-13,10.3,8.7,2357,17.3,1,,,7.9,85.6
108,서울,2022-11-14,9.7,5.9,2356,13.8,1305,,,5.1,74.8
108,서울,2022-11-15,8.1,4,658,12.3,1341,2.25,1.6,4.2,77.4
108,서울,2022-11-16,8.5,5.5,703,13,1431,,,2.8,71.3
108,서울,2022-11-17,10.2,5.4,722,16.6,1436,,,3.5,64.6
108,서울,2022-11-18,11,5.3,749,18.1,1502,,,5.1,69.6
108,서울,2022-11-19,12.9,8.7,111,19.2,1507,,,3.9,55.8
108,서울,2022-11-20,13.7,9.5,725,20.2,1332,,,5.4,58.3
108,서울,2022-11-21,11.8,9.3,711,16.2,1132,,,6.4,70.5
108,서울,2022-11-22,10.7,7,651,13.7,1414,2.17,0,5,69.9
108,서울,2022-11-23,10.8,6.8,2343,15.2,1322,1.5,0,1.9,56
108,서울,2022-11-24,9.4,5.9,235,14.1,1519,,,3.1,65.6
108,서울,2022-11-25,12.3,7.1,253,17.8,1501,1.32,1.7,5.8,67.1
108,서울,2022-11-26,6.7,1,2341,12.9,1,,,-3.1,52.4
108,서울,2022-11-27,5.4,-1.1,530,11.5,1521,,,-6.5,43.1
108,서울,2022-11-28,12.3,7.5,1,15,1311,11.58,19.5,5.1,65.5
108,서울,2022-11-29,6.9,-1.6,2352,15,1,7.58,3.8,.7,67
108,서울,2022-11-30,-5.4,-8.1,2328,-1.6,1,,,-14.5,49.1
108,서울,2022-12-01,-5.4,-9.4,752,-1.2,1542,,,-16,43.4
108,서울,2022-12-02,-2.5,-7.6,759,3,1446,,,-14.1,42
108,서울,2022-12-03,2.1,-.3,1,7,1431,7.33,1.1,-2.9,70.5
108,서울,2022-12-04,-3.5,-5.2,2400,-.2,1,,,-15.7,38.9
108,서울,2022-12-05,-3.1,-7,755,1.9,1458,,,-14.5,41.9
108,서울,2022-12-06,.9,-3.9,243,5.3,1400,4.75,.1,-5.5,62.8
108,서울,2022-12-07,4.9,1.2,805,9,1520,3.33,.1,-2.4,60.4
108,서울,2022-12-08,3.7,.1,742,9.1,1251,,,-4.7,57.5
108,서울,2022-12-09,4.5,.9,345,10.2,1345,.58,0,-2.5,60.8
108,서울,2022-12-10,2.6,-.6,758,6.7,1306,,,-8.1,46.5
108,서울,2022-12-11,1.6,-1.5,645,6.8,1412,,,-7.5,52.5
108,서울,2022-12-12,2,-2,345,6.3,1408,5.08,5.4,-2.5,73.4
108,서울,2022-12-13,0,-6.4,2356,3.1,233,6.17,.6,-4.7,70.8
108,서울,2022-12-14,-8.4,-11,742,-4.9,1451,,,-16.9,50.1
108,서울,2022-12-15,-4.5,-8.5,1,-1.3,1752,6.67,2.4,-7.6,79.1
108,서울,2022-12-16,-6.3,-9.6,635,-2.2,1303,,,-13.9,56.9
108,서울,2022-12-17,-7,-9.8,2322,-3.2,1245,2.33,.2,-15.4,52
108,서울,2022-12-18,-9.5,-12.4,740,-5.6,1440,,,-18.8,47.1
108,서울,2022-12-19,-7,-12,357,-2.5,1426,,,-14.6,55.6
108,서울,2022-12-20,-3.2,-9.5,717,2.9,1440,,,-10.9,55.8
108,서울,2022-12-21,-.1,-2.6,2347,2.6,1559,9.17,3.6,-2.9,82.4
108,서울,2022-12-22,-7.8,-11.3,2355,-2.6,1,,,-14.2,60.5
108,서울,2022-12-23,-11.8,-13.7,619,-8.6,1514,,,-17.9,60.5
108,서울,2022-12-24,-8.4,-13.5,743,-2,1619,,,-16,54.9
108,서울,2022-12-25,-5.4,-9.6,611,.2,1532,,,-10.8,66.5
108,서울,2022-12-26,-3.9,-7.9,730,1.7,1532,,,-9.1,68.4
108,서울,2022-12-27,-2.6,-7.3,720,3.3,1515,,,-7.5,69.8
108,서울,2022-12-28,-3.3,-6,2355,.1,1453,3,.1,-10.7,58.1
108,서울,2022-12-29,-2.9,-7.8,728,2.1,1522,4.33,0,-10.8,56.3
108,서울,2022-12-30,-1.8,-4.4,2355,2.3,1354,2.58,0,-7.7,65.6
108,서울,2022-12-31,-1.2,-5.1,125,2.1,1530,1.42,0,-6.8,65.5
108,서울,2023-01-01,-.2,-4.3,2350,3.8,1343,,,-8.7,54.5
108,서울,2023-01-02,-4.5,-7.4,804,-.4,1525,,,-14.6,45.9
108,서울,2023-01-03,-5,-9,551,.6,1555,,,-14.6,49
108,서울,2023-01-04,-1.8,-5.7,229,3.3,1510,,,-10.7,51.4
108,서울,2023-01-05,-1.6,-5.6,749,3.6,1536,,,-8.9,58.1
108,서울,2023-01-06,.6,-4.7,816,5.7,1414,4.78,3.9,-4.1,71.9
108,서울,2023-01-07,1.5,-1.4,2354,3.8,1336,1.42,.1,-1.5,80.9
108,서울,2023-01-08,1.3,-3.7,800,6.3,1522,,,-4,69.3
108,서울,2023-01-09,3.1,-1.3,2400,7,1238,,,-3.9,60.1
108,서울,2023-01-10,1.6,-3.9,724,9.1,1530,,,-5.7,59.9
108,서울,2023-01-11,2.6,-2,802,9.2,1410,,,-4.5,61.9
108,서울,2023-01-12,5.9,-.6,645,12.5,1600,.92,0,-5.4,46.6
108,서울,2023-01-13,8.3,5.1,225,10.1,1628,23.08,37.3,8.1,99.1
108,서울,2023-01-14,6.6,3.8,2328,8.4,1,16.33,1.6,5.5,92.9
108,서울,2023-01-15,-.2,-3.5,2338,3.8,1,23.17,3.2,-1.1,93.9
108,서울,2023-01-16,-4.6,-6.8,849,-1.2,1432,8.5,0,-10.7,63.1
108,서울,2023-01-17,-3.7,-7,311,-.4,1402,2.92,0,-9.4,65.1
108,서울,2023-01-18,-1.9,-4.6,815,2.2,1452,1.5,0,-9.3,60.5
108,서울,2023-01-19,-.4,-6,601,4.3,1419,4,1,-5.5,69.3
108,서울,2023-01-20,-3.3,-7.7,2353,2,222,,,-12,52.4
108,서울,2023-01-21,-4.5,-10.5,713,1.5,1522,,,-12.3,55.4
108,서울,2023-01-22,-.6,-2.8,117,2.6,1533,2,0,-6.9,62.8
108,서울,2023-01-23,-.8,-6.9,2354,4.6,1345,,,-6.3,66.6
108,서울,2023-01-24,-14.7,-17,2354,-6.9,1,.92,0,-22.5,51.9
108,서울,2023-01-25,-11.3,-17.3,144,-5.4,1620,.17,0,-21.2,45.1
108,서울,2023-01-26,-6,-9,502,-3.5,1559,14.92,.8,-8.9,80.1
108,서울,2023-01-27,-7.3,-9.6,2333,-3.8,1548,,,-14.8,56.5
108,서울,2023-01-28,-6,-11.2,813,-.6,1554,.17,0,-13.7,54.9
108,서울,2023-01-29,-1.8,-8,607,4.9,1426,,,-9,58.3
108,서울,2023-01-30,-.9,-4.4,449,4.2,1515,,,-9.1,55.9
108,서울,2023-01-31,2.4,-3.5,402,7.8,1530,,,-2.8,69.1
108,서울,2023-02-01,.9,-3,2400,6,1,,,-4.9,68.4
108,서울,2023-02-02,-2.4,-5.1,719,1.4,1606,,,-11.5,50.3
108,서울,2023-02-03,-1.6,-3.9,118,3.4,1540,,,-11.8,47.4
108,서울,2023-02-04,-.2,-5.2,535,6,1528,,,-9.5,49.8
108,서울,2023-02-05,1.7,-3.3,726,7.1,1338,,,-3.2,71
108,서울,2023-02-06,3,-1.7,716,8.8,1458,,,-1.9,72.3
108,서울,2023-02-07,3.5,-.6,727,9.5,1546,,,-1.1,72.9
108,서울,2023-02-08,2.1,-1.3,645,7.8,1505,,,-5,62.1
108,서울,2023-02-09,4,-2.8,509,9.9,1537,.67,0,-5.9,49.9
108,서울,2023-02-10,3.8,1.1,2356,6.2,1610,9.92,.6,.5,79.6
108,서울,2023-02-11,2.8,-1.2,703,8.5,1417,,,-1.8,73
108,서울,2023-02-12,3.7,-.9,624,7.6,1351,,,-1.4,70
108,서울,2023-02-13,5.9,2.7,2351,8.4,1219,,,0,66.5
108,서울,2023-02-14,1.7,-2.5,730,6.6,1521,,,-6.7,54.9
108,서울,2023-02-15,3.2,-1.2,706,8.9,1558,,,-7.3,46.4
108,서울,2023-02-16,2.3,-.7,2353,4.5,1459,,0,-3,68.3
108,서울,2023-02-17,3.4,-1.5,543,9.8,1542,,,-2.4,67.8
108,서울,2023-02-18,5.7,3,6,8.1,1529,,,-1.9,58.3
108,서울,2023-02-19,3.5,.2,2341,6.1,1457,2.92,.4,-5,56.1
108,서울,2023-02-20,-.5,-3.5,2357,2.4,1419,,,-11.1,46.4
108,서울,2023-02-21,-1.3,-5.3,759,4.8,1618,,,-12.9,42.4
108,서울,2023-02-22,1.2,-4.5,712,8.4,1452,,,-8.8,50.6
108,서울,2023-02-23,2.9,-1.8,629,9.2,1531,,,-3.4,65.5
108,서울,2023-02-24,3.5,-.4,2400,8.5,1501,,,-5.1,57.9
108,서울,2023-02-25,.7,-2.9,727,5.7,1527,,,-10.5,44
108,서울,2023-02-26,2.2,-3.4,729,9.4,1534,,,-8.7,46.6
108,서울,2023-02-27,4.4,-1.8,646,12.4,1501,,,-6.6,47.4
108,서울,2023-02-28,4.3,-.7,719,8.7,1553,,,-2.1,63.4
108,서울,2023-03-01,6,2.9,2355,9,1525,,,-3.2,54.4
108,서울,2023-03-02,2.2,-1.8,736,6.6,1541,,,-11.2,37.8
108,서울,2023-03-03,4.6,-1.9,708,10.4,1445,,,-1.5,65
108,서울,2023-03-04,7.7,3.7,800,14.1,1513,,,1.8,68.4
108,서울,2023-03-05,8,2.5,702,15.4,1415,,,-1.7,54
108,서울,2023-03-06,9.2,2.2,701,16.5,1455,,,-3.9,41.9
108,서울,2023-03-07,11.7,6.3,645,19.4,1443,,,4,60.9
108,서울,2023-03-08,12.5,7.4,559,17.7,1237,1.08,1.2,5.8,66.3
108,서울,2023-03-09,10.3,7.4,2316,13.1,1,4.83,3.7,8,85.9
108,서울,2023-03-10,13.5,6.2,456,22.2,1528,,,5.1,62.1
108,서울,2023-03-11,15.2,10.2,659,22.8,1428,,,4.1,52
108,서울,2023-03-12,5.9,.6,2355,12.6,1,6.33,5.6,-.1,68
108,서울,2023-03-13,2.9,-1.9,651,7.6,1444,,,-10.1,38.9
108,서울,2023-03-14,9.2,3.3,331,15.4,1533,,,-2.4,45.9
108,서울,2023-03-15,8.6,3.5,2400,14.4,1215,,,2.4,66.6
108,서울,2023-03-16,4.6,.4,509,9,1349,,,-9.4,36.8
108,서울,2023-03-17,7.2,.7,652,12.7,1543,,,-7.9,34.3
108,서울,2023-03-18,7.7,2.5,629,14,1532,,,-3.8,46.4
108,서울,2023-03-19,8.3,2.3,707,15.2,1539,,,.2,59.6
108,서울,2023-03-20,9.5,2.6,704,17.1,1443,,,-1.6,50.4
108,서울,2023-03-21,13,5,646,22.2,1627,,,-2.9,35.1
108,서울,2023-03-22,17,9.2,532,25.1,1425,,,4.4,44.8
108,서울,2023-03-23,17.4,12.3,2358,23.3,1537,2.92,0,6,48.9
108,서울,2023-03-24,12.5,7.6,633,18.3,1517,,,-2.1,36.8
108,서울,2023-03-25,12.5,8,635,18.7,1511,,,4.6,59.9
108,서울,2023-03-26,9.4,4.7,2356,14,1507,,,-6.8,34
108,서울,2023-03-27,7.3,1.9,615,14.5,1503,,,-4.8,44.8
108,서울,2023-03-28,9.2,2.8,624,15.7,1527,,,-.8,53.3
108,서울,2023-03-29,11.8,5.1,549,19.7,1508,,,.8,50.3
108,서울,2023-03-30,13.3,6.4,644,21.2,1604,,,0,42.5
108,서울,2023-03-31,15,7.5,655,23.9,1537,,,1.6,42.5
108,서울,2023-04-01,17.5,9.4,646,25.6,1525,,,2.8,40.4
108,서울,2023-04-02,18.8,11.9,617,25.2,1505,,,-.3,29.6
108,서울,2023-04-03,19,11.3,636,25.9,1608,,,-.1,29.4
108,서울,2023-04-04,17.6,12.7,2352,21.7,1402,5.08,6.9,1.3,40.4
108,서울,2023-04-05,11.9,8.7,2218,14.9,1301,22.5,50.3,11.5,97.8
108,서울,2023-04-06,8.8,7.4,2355,9.7,1312,19.17,2.7,7.9,94.6
108,서울,2023-04-07,8.9,4.6,2339,15.7,1404,,,2,65
108,서울,2023-04-08,8.8,3.1,518,14.9,1515,,,-1.4,51.1
108,서울,2023-04-09,10.8,3.5,624,17.8,1431,,,1.9,56.8
108,서울,2023-04-10,13.2,6.2,526,19.1,1402,,,2.5,50.8
108,서울,2023-04-11,13.1,9.2,2356,17.4,928,6.92,2.9,7.9,73.4
108,서울,2023-04-12,10.1,4.8,624,15.3,1520,,,-2.5,45.1
108,서울,2023-04-13,11.9,5.1,611,17.2,1512,.25,0,-1.3,45
108,서울,2023-04-14,16.2,11.9,30,21.3,1515,,,7.8,58.6
108,서울,2023-04-15,13.5,9.3,2359,16.6,1537,3,4.6,10.4,81.8
108,서울,2023-04-16,10.8,7.5,529,16.1,1621,.48,0,5.4,71.4
108,서울,2023-04-17,13.1,6.8,541,18.1,1551,,,4.6,59
108,서울,2023-04-18,14,10.7,803,18.4,1726,8.42,1.5,9.9,78.6
108,서울,2023-04-19,19.1,11.5,552,28.4,1628,,,11.5,66.1
108,서울,2023-04-20,15.8,14.5,2256,18.9,1,9.17,.5,14.4,92.1
108,서울,2023-04-21,16.7,11.4,621,22.8,1506,,,3.9,50.4
108,서울,2023-04-22,16.9,12.2,559,22.5,1529,,,-4.7,22.9
108,서울,2023-04-23,16.1,10.7,557,22.1,1347,,,-.1,34.1
108,서울,2023-04-24,15.8,11.5,2349,21.3,1431,,,2.3,40.5
108,서울,2023-04-25,10.9,9,2244,13.2,1007,13.25,.4,5,68.6
108,서울,2023-04-26,10.2,7.4,2350,13.5,1508,.58,0,4.7,69.9
108,서울,2023-04-27,12.9,5.1,610,20,1526,,,4.7,61.6
108,서울,2023-04-28,15.7,9,613,21.3,1444,2.83,1.9,7.7,62
108,서울,2023-04-29,13.2,9.9,2144,15.8,755,13.83,25.1,11.2,88.1
108,서울,2023-04-30,12.7,7.9,430,17.9,1507,2.92,.1,7.4,72.9
108,서울,2023-05-01,14.6,9.8,558,20.8,1623,,,4.8,57
108,서울,2023-05-02,16.7,9.1,523,23.7,1552,,,2.4,40.5
108,서울,2023-05-03,19.5,12.4,626,26.2,1509,,,8.6,52.5
108,서울,2023-05-04,21.4,15.6,547,25.8,1435,,,14.3,65.5
108,서울,2023-05-05,18.4,15.5,2358,21.6,1,22.67,30.2,17.6,95.3
108,서울,2023-05-06,12.6,11.7,838,15.5,1,16.42,47.5,10,85.6
108,서울,2023-05-07,14.4,11.1,2327,18.6,1635,,,3,47.1
108,서울,2023-05-08,15.3,7.9,547,22,1340,,,5.7,55.3
108,서울,2023-05-09,17,10,550,24.4,1500,,,7.3,55.4
108,서울,2023-05-10,18.4,10.7,551,26,1546,,,7.8,53.3
108,서울,2023-05-11,19.5,12.8,545,26.7,1423,,,8,50.1
108,서울,2023-05-12,18.4,13.1,551,24.7,1426,,,7,50.9
108,서울,2023-05-13,17.8,12.6,608,23.9,1417,.17,0,10,62
108,서울,2023-05-14,18.1,12.9,520,23.8,1400,,,8.7,56.5
108,서울,2023-05-15,20.6,12.8,520,27.9,1546,,,10.4,54.6
108,서울,2023-05-16,24,17.2,515,31.2,1436,,,12.9,51.9
108,서울,2023-05-17,23.5,18.6,442,28.7,1310,,,15.5,63.6
108,서울,2023-05-18,21.2,18.8,2358,27.6,1326,.83,1.3,16.3,74.8
108,서울,2023-05-19,22.3,16.7,531,27.8,1409,,,14.1,61.4
108,서울,2023-05-20,21.2,16.6,2313,26.7,1200,,,14.4,66.9
108,서울,2023-05-21,17.8,15.3,603,21.9,1608,5.58,.2,12.7,74
108,서울,2023-05-22,20.3,15.9,412,26.8,1622,.33,0,12,61.3
108,서울,2023-05-23,20.5,14.1,534,26.9,1650,,,8.6,48
108,서울,2023-05-24,20.6,14.8,535,25.9,1329,,,9.3,49.8
108,서울,2023-05-25,21.2,15.7,534,27.4,1403,.17,0,8.5,46.6
108,서울,2023-05-26,21.4,15.8,544,27.3,1522,2,.5,12.2,57.4
108,서울,2023-05-27,19.3,18.6,431,20.7,851,15.5,31.8,16.9,87.4
108,서울,2023-05-28,19.2,18.4,649,20.2,1315,24,41.8,18.9,98.9
108,서울,2023-05-29,23.2,19,1,28.5,1646,7.5,2.3,19.9,83.4
108,서울,2023-05-30,24,20.5,543,28.9,1454,,,17.6,69.5
108,서울,2023-05-31,22.8,18.8,506,28.2,1625,,,14.5,60.8
108,서울,2023-06-01,22.8,19.7,528,26.3,1707,,,16.1,66.9
108,서울,2023-06-02,20.4,17.9,601,25,1648,.17,0,16.1,77.4
108,서울,2023-06-03,22,16.6,607,27.8,1423,,,13,60.1
108,서울,2023-06-04,22.1,16.9,537,28,1627,,,13.3,61
108,서울,2023-06-05,21.5,17.6,532,26.3,1532,,,14.7,66.9
108,서울,2023-06-06,20.3,17.3,537,25.2,1335,.92,0,15.1,72.9
108,서울,2023-06-07,21.4,18.9,332,25.7,1723,1.17,0,16.8,75.3
108,서울,2023-06-08,20.4,18.3,2339,23.9,1613,5.33,1.9,16.8,80.5
108,서울,2023-06-09,23.3,18.3,524,28.4,1646,3.42,1.2,15.1,64
108,서울,2023-06-10,23.2,19.6,2332,28.5,1248,1.83,.8,17.1,70
108,서울,2023-06-11,22.1,17.9,422,27.3,1710,5.42,32.2,17.3,76.1
108,서울,2023-06-12,22.2,18.4,610,27.5,1353,1.92,0,16.3,70.5
108,서울,2023-06-13,22,19.2,556,26,1313,.5,0,16.1,70
108,서울,2023-06-14,20.6,17.5,508,25,1258,2.25,30.6,16.9,80.3
108,서울,2023-06-15,22.7,17.7,545,28.3,1516,,,16.7,70.8
108,서울,2023-06-16,23.7,19.1,501,28.9,1535,,,16,64.4
108,서울,2023-06-17,24.2,18.9,540,30.2,1515,,,14.7,57.1
108,서울,2023-06-18,25.9,20.8,518,32.6,1636,,,17.4,60.5
108,서울,2023-06-19,28.5,23.3,353,34,1455,,,19,57.8
108,서울,2023-06-20,24.7,21.4,2356,26.4,1040,6.83,6.4,17.3,64.5
108,서울,2023-06-21,20.5,19.2,344,22.1,1522,14.67,24.9,19.2,92.6
108,서울,2023-06-22,22.5,18.9,524,26.4,1529,.25,0,18.1,77.1
108,서울,2023-06-23,24.4,20,309,29.9,1650,,,19.8,76.6
108,서울,2023-06-24,26.4,21.9,514,31.1,1540,,,20.4,70.5
108,서울,2023-06-25,28.2,22.8,545,33.1,1529,,,20.5,64.9
108,서울,2023-06-26,24.2,22.3,606,27.5,1,13.25,30.3,22,88.6
108,서울,2023-06-27,25.3,21.4,525,29.1,1657,2.5,2.5,19.8,73.1
108,서울,2023-06-28,26.5,24.2,447,30.1,1453,.5,0,22,77.4
108,서울,2023-06-29,24.2,23.2,2343,25.9,7,17.83,63.8,23.4,95.4
108,서울,2023-06-30,25.3,23.2,1,29.1,1603,11.92,1,23.3,89.8
108,서울,2023-07-01,27.7,23.3,321,32.9,1459,,,23,76.9
108,서울,2023-07-02,26.7,23.5,543,30.6,1617,,,22.7,79.5
108,서울,2023-07-03,29.1,24.1,524,34.9,1616,,,23,72
108,서울,2023-07-04,26.1,24.5,2004,29.2,1239,10.5,61.8,23.5,86.8
108,서울,2023-07-05,24.5,22.1,648,27.1,1308,6.08,15.3,21.2,82.6
108,서울,2023-07-06,27.3,22.4,545,31.8,1435,,,21.3,70.9
108,서울,2023-07-07,26.7,23.3,2345,31.4,1447,,,19.3,64.9
108,서울,2023-07-08,25.6,22.4,346,29.7,1541,,,21.1,76.5
108,서울,2023-07-09,24.7,21.6,1208,27,849,7.17,47.5,22.2,86.4
108,서울,2023-07-10,26.3,22.9,626,30.9,1518,.67,11.5,22.4,80.4
108,서울,2023-07-11,23.5,21.6,1733,25.9,807,11.83,58.3,22,92.4
108,서울,2023-07-12,25.8,22,1,29.1,1552,5.17,.7,23.2,86.4
108,서울,2023-07-13,25.2,24.7,1215,26.5,943,20.67,91.6,24.3,95
108,서울,2023-07-14,24.6,23.9,206,25.1,1026,24,72.7,24.4,99.1
108,서울,2023-07-15,24.5,23.7,2358,25.7,1211,14.25,2.3,23.4,93.5
108,서울,2023-07-16,24.6,23.7,1,25.4,1745,2.92,9.7,22.7,89.5
108,서울,2023-07-17,25.5,23.7,446,27.8,1437,3.75,1.4,22.9,86.1
108,서울,2023-07-18,25.2,24.1,527,27.7,1721,12.67,2.3,22.9,87.9
108,서울,2023-07-19,27.2,22.5,527,32.4,1629,,,22.9,78.8
108,서울,2023-07-20,27.9,24,549,32.8,1547,,,22.5,74
108,서울,2023-07-21,29.5,24.6,554,34.3,1628,,,23,69.6
108,서울,2023-07-22,27.7,24.6,2142,32.5,1227,7.08,12.3,22.3,73.9
108,서울,2023-07-23,25.2,24.5,752,25.8,1515,19,40.2,24.2,94.3
108,서울,2023-07-24,26.9,24.6,521,30,1527,2.08,.4,23.7,83.1
108,서울,2023-07-25,27.8,25.8,428,30.5,1432,1.75,5.6,24,80.5
108,서울,2023-07-26,27.6,24.9,606,31.1,1539,2.67,1,23.9,80.9
108,서울,2023-07-27,28.4,24.4,539,32.2,1300,.25,0,24,78.1
108,서울,2023-07-28,29.5,25.4,536,34.1,1416,,,23.7,72.4
108,서울,2023-07-29,29.1,26.1,442,33.3,1527,,,23.5,72.1
108,서울,2023-07-30,28.8,24.9,550,34.9,1555,3.17,25,23,72.5
108,서울,2023-07-31,28.7,25.6,3,33.4,1440,.67,.3,23.9,76.3
108,서울,2023-08-01,29.9,25.5,536,34.2,1646,,,24,71.6
108,서울,2023-08-02,29.7,26.8,519,33.7,1436,,,22.7,67.8
108,서울,2023-08-03,29.5,25.8,615,33.8,1446,,,22.5,67
108,서울,2023-08-04,30,26.5,520,34.4,1634,,,23.1,67.6
108,서울,2023-08-05,30.3,26.4,611,34.9,1548,,,23.7,69
108,서울,2023-08-06,29.8,27,1606,33,1403,1.58,4.9,25.1,76.5
108,서울,2023-08-07,30.4,27.3,540,34.6,1546,,,23.8,68.4
108,서울,2023-08-08,30.9,26.4,553,35.8,1600,,,22.2,60.5
108,서울,2023-08-09,28.3,25.1,2358,31.6,1102,1.58,.2,21.7,67.6
108,서울,2023-08-10,22.2,20.9,1954,25.1,1,24,86.1,20.8,91.9
108,서울,2023-08-11,23.5,21.6,1,24.9,1703,21.5,46.7,22.2,93.1
108,서울,2023-08-12,23.3,22.5,2247,24.1,1,14.42,1.5,21.7,91
108,서울,2023-08-13,27,22.6,1,31.1,1745,,,22.3,76.9
108,서울,2023-08-14,28.1,24.8,602,31.9,1425,,,23.1,75.4
108,서울,2023-08-15,28.6,24.7,612,32.7,1503,,,22.7,71.4
108,서울,2023-08-16,27.3,24.7,540,31.6,1352,.92,.3,21.7,72
108,서울,2023-08-17,28.2,24.5,615,32.4,1349,,,22.6,73
108,서울,2023-08-18,29.1,25.5,547,33.3,1413,.67,.1,23.3,72.1
108,서울,2023-08-19,29.1,26.4,620,33.6,1528,,,22.5,68.9
108,서울,2023-08-20,28.3,25.5,459,31.8,1348,1.83,0,22.5,71.8
108,서울,2023-08-21,29.5,26,614,33.6,1402,1.17,0,23.2,69.8
108,서울,2023-08-22,27.6,25.8,2220,32.2,1356,7.75,42.6,23.8,80.3
108,서울,2023-08-23,24.8,23.2,2400,27.2,932,17.58,41.8,23.2,91.3
108,서울,2023-08-24,25.1,22.3,434,27.8,1419,4.33,5.2,22.2,84.8
108,서울,2023-08-25,26.5,24,555,30,1618,.17,0,22.1,77.9
108,서울,2023-08-26,26.4,23.3,636,30.3,1545,,,20.7,72.3
108,서울,2023-08-27,26.1,22.7,505,29.6,1613,5.67,0,21.2,75
108,서울,2023-08-28,22.7,20.8,853,25.6,1,20.67,10.4,20.5,87.5
108,서울,2023-08-29,23.9,22.5,2034,25.5,1029,16.92,54.8,22,89.6
108,서울,2023-08-30,22.8,21.5,2353,24.5,1230,10.42,3.5,20.7,88
108,서울,2023-08-31,23.9,21,547,28.9,1534,,,19.2,76.9
108,서울,2023-09-01,24.5,19.7,610,29.6,1543,,,18.3,70.6
108,서울,2023-09-02,25.4,19.7,639,30.8,1536,,,17.5,63.9
108,서울,2023-09-03,25.8,23.1,749,28.8,1414,2.75,.1,21.5,77.8
108,서울,2023-09-04,27,24.3,625,30.2,1607,2.5,.3,23.1,79.9
108,서울,2023-09-05,28.5,25,707,32.8,1440,.17,0,22.1,69.5
108,서울,2023-09-06,27.9,24,635,32.1,1550,,,20.3,65.1
108,서울,2023-09-07,26.3,20.9,643,31.6,1501,,,15.9,54.8
108,서울,2023-09-08,25.3,19.6,622,30.5,1432,,,16.7,60.3
108,서울,2023-09-09,25.8,20.8,627,31.2,1555,,,18.6,66.3
108,서울,2023-09-10,25.7,22,616,29.6,1445,,,19.2,68.1
108,서울,2023-09-11,25.5,23.1,617,29.8,1533,,,18.7,67.3
108,서울,2023-09-12,25.7,21.7,642,29.8,1419,,,19.5,69.8
108,서울,2023-09-13,22.1,19.6,2112,24.6,1,15.75,15.9,19.3,84.5
108,서울,2023-09-14,23.4,19.2,610,27.2,1148,,,17.9,72.4
108,서울,2023-09-15,22.3,20.3,709,24.3,1544,12.17,2.1,19,82.3
108,서울,2023-09-16,23.9,22,233,26.6,1442,9.75,38.7,21.7,87.8
108,서울,2023-09-17,24.7,22,416,28,1524,2.08,3,21.8,84.8
108,서울,2023-09-18,24.7,22.1,616,28.9,1238,,,20.6,79.1
108,서울,2023-09-19,24.1,21.6,555,27.2,1317,,,20.5,81.1
108,서울,2023-09-20,20.6,18.8,2351,23.9,1,18.83,35.8,18.8,90.4
108,서울,2023-09-21,20.1,17.5,2349,23.6,1442,.83,0,14.5,70.9
108,서울,2023-09-22,20.5,15.2,626,26.7,1511,,,13.7,68.4
108,서울,2023-09-23,21.8,16.3,643,27.6,1418,,,14.1,63.9
108,서울,2023-09-24,21.8,17.9,635,26.2,1440,,,12.3,56.4
108,서울,2023-09-25,21.6,17.9,450,26,1327,8.08,1.9,14.8,66.4
108,서울,2023-09-26,19.9,18.6,510,20.8,1355,24,27.8,19.2,95.8
108,서울,2023-09-27,21.5,20,632,23.7,1433,11.75,4.4,19.8,90.1
108,서울,2023-09-28,22.7,19.6,634,27.3,1422,,,18.4,78.3
108,서울,2023-09-29,21.1,17.4,634,26.9,1444,,,12.9,61.5
108,서울,2023-09-30,19.7,17.1,2359,22.2,1659,6.83,4.5,15.5,77
108,서울,2023-10-01,18.4,14.4,652,23.7,1511,,,9.8,59.5
108,서울,2023-10-02,18.2,12.9,657,24.6,1538,,,7.9,53.8
108,서울,2023-10-03,17.5,14.4,250,22.5,1521,,,10.9,66.3
108,서울,2023-10-04,17.3,14.2,647,23.2,1257,2.83,14.7,12.6,75.5
108,서울,2023-10-05,14.2,9.9,640,19.2,1556,,,2.6,46.1
108,서울,2023-10-06,15.5,9.6,641,21.5,1447,,,6.1,55.3
108,서울,2023-10-07,16.8,11.7,630,21.2,1543,,,9.2,62.6
108,서울,2023-10-08,17.1,15.2,531,19.5,1555,2.08,0,10.9,67.1
108,서울,2023-10-09,17.4,14.1,2359,22.4,1526,4.92,1.2,11.2,68.1
108,서울,2023-10-10,17.1,11.9,617,23.5,1523,,,10.2,67.1
108,서울,2023-10-11,17.6,12.9,719,24,1529,,,8.4,57.5
108,서울,2023-10-12,17.5,12,642,24.1,1325,,,9.8,62.4
108,서울,2023-10-13,17.5,14.3,613,21.5,1236,,,11.6,69.6
108,서울,2023-10-14,14.7,12.9,2356,18.2,1537,6.25,5.8,12.1,84.9
108,서울,2023-10-15,16.1,10.9,636,21.2,1533,,,12.3,80
108,서울,2023-10-16,14.7,10.7,2354,19.6,1403,,,5.7,57
108,서울,2023-10-17,13.8,7.5,652,20.9,1533,,,4.4,55.6
108,서울,2023-10-18,15.7,9.2,706,21.6,1457,,,9.3,67
108,서울,2023-10-19,17,14.9,2354,18.9,1450,4.5,8.2,13.9,82.5
108,서울,2023-10-20,11.6,7.2,2352,15.1,1357,,,.4,46.9
108,서울,2023-10-21,10.4,5.9,409,16.6,1446,1.17,1.1,1.1,54.8
108,서울,2023-10-22,12.5,5.4,712,18.7,1451,,,6.2,67.3
108,서울,2023-10-23,15.2,11.1,701,21.4,1437,,,10.2,73.8
108,서울,2023-10-24,15.6,11.2,557,19.3,1156,,,11.7,78.5
108,서울,2023-10-25,16.6,12.7,709,21.9,1436,,,12.6,78.6
108,서울,2023-10-26,17.2,14.6,2337,21.1,1346,2.75,0,13.5,79.4
108,서울,2023-10-27,15.7,12.6,2357,20.2,1457,,,10.1,71.1
108,서울,2023-10-28,14.2,9.4,717,20.7,1417,,,6.3,62.9
108,서울,2023-10-29,14.9,9.8,656,21.8,1407,,,7,61.6
108,서울,2023-10-30,15.1,9.7,657,21.9,1442,,,9.7,72
108,서울,2023-10-31,16.5,12.7,204,20.8,1427,,,12,76
108,서울,2023-11-01,19,17.2,452,20.6,1504,.83,0,15.8,81.8
108,서울,2023-11-02,20.8,18.7,2305,25.9,1442,,,14.9,70.9
108,서울,2023-11-03,19.5,17.7,2341,22.4,1225,2.75,8.5,16.5,83.3
108,서울,2023-11-04,17.4,14.1,724,20.9,1459,,,12.9,75.5
108,서울,2023-11-05,17.3,15.1,738,20.4,1917,13.17,10.4,15.1,87
108,서울,2023-11-06,13.3,6.6,2333,19.3,352,20.25,45.8,10.7,84.9
108,서울,2023-11-07,5.8,3.6,810,9.9,1504,.25,0,-.9,62.5
108,서울,2023-11-08,8.4,1.8,709,16.1,1503,,,-.9,55.1
108,서울,2023-11-09,11.4,5.9,642,18.4,1445,2.08,5.1,6.6,73.1
108,서울,2023-11-10,3.4,.5,2356,9.1,1,,,-5.7,53.1
108,서울,2023-11-11,1.7,-1.9,709,6.7,1517,,,-8.6,47.9
108,서울,2023-11-12,1.2,-2,730,5.7,1515,,,-7.3,53.8
108,서울,2023-11-13,2,-2.2,708,6.7,1446,,,-6.8,54
108,서울,2023-11-14,5,-.8,732,10.8,1520,,,-1.1,66.1
108,서울,2023-11-15,7,2,706,12.5,1326,,,1.8,71.4
108,서울,2023-11-16,6.6,5.7,2342,7.4,1525,11.25,8.4,4.1,85
108,서울,2023-11-17,1.6,-1.9,2359,5.9,45,1.92,0,-5.5,59.3
108,서울,2023-11-18,.6,-3.8,720,5.7,1505,,,-6.6,58.9
108,서울,2023-11-19,5.9,-.3,154,13.4,1424,,,.3,68.3
108,서울,2023-11-20,6.2,1.8,710,12.8,1511,,,-1.9,58.4
108,서울,2023-11-21,7.4,1.4,714,14.8,1521,,,-.5,59.6
108,서울,2023-11-22,9.5,2.9,704,15.1,1458,,,3.6,68.1
108,서울,2023-11-23,9.9,1.9,2358,14.6,1349,2.75,.1,4.7,71.1
108,서울,2023-11-24,-1.5,-4.4,2356,2.2,1353,,,-10.4,51.8
108,서울,2023-11-25,-1.3,-5.9,723,4,1440,,,-13.1,42.8
108,서울,2023-11-26,4,-.1,32,7.2,1449,1.67,0,-7.3,43.6
108,서울,2023-11-27,6.2,4.4,419,9.3,1553,12.83,3.6,3.4,82.9
108,서울,2023-11-28,1.3,-1.2,2354,5.2,1,.33,0,-6.3,57.5
108,서울,2023-11-29,-1.4,-4,2354,3,1422,2.33,0,-8.5,58.9
108,서울,2023-11-30,-4.3,-7.3,721,-.5,1444,,,-13.7,48.5
108,서울,2023-12-01,-3.2,-6.8,646,.7,1544,,,-11.2,55.3
108,서울,2023-12-02,2,-4.4,327,8,1516,1.47,0,-4.9,60.8
108,서울,2023-12-03,.8,-2.8,700,6,1430,,,-7.3,56.3
108,서울,2023-12-04,2.7,-3,750,9.4,1532,,,-4.6,59.5
108,서울,2023-12-05,6.8,3.8,1,12.6,1518,,,-1.6,55.4
108,서울,2023-12-06,6.1,3.9,358,8.7,1848,2.33,3.8,2.1,76.1
108,서울,2023-12-07,6.6,.8,709,11.4,1408,,,.2,64
108,서울,2023-12-08,11.2,5.1,333,16.8,1434,,,6.5,73.4
108,서울,2023-12-09,13.7,11.7,2346,16.2,1413,,,10.8,82.9
108,서울,2023-12-10,11.4,6.7,801,15.5,1448,.08,0,5.3,67.9
108,서울,2023-12-11,8.9,5,2314,12.3,4,24,11.4,6.1,82.9
108,서울,2023-12-12,5.4,3.5,2334,9.3,1536,4.75,.4,1.3,75.6
108,서울,2023-12-13,6.8,2.6,419,10.3,1459,,,2.3,74.1
108,서울,2023-12-14,7.6,6.2,2315,9.1,127,17.17,17,5.2,85.8
108,서울,2023-12-15,4.9,3.7,2359,6.2,1,21,31.1,4.2,95.4
108,서울,2023-12-16,-4.1,-9.9,2400,3.8,1,13.08,1.5,-9.1,68.9
108,서울,2023-12-17,-9.8,-12.4,758,-6.4,1452,,,-18.6,48.9
108,서울,2023-12-18,-7.7,-12.2,511,-3.6,1358,,,-17.7,45.1
108,서울,2023-12-19,-3.7,-8.2,548,.2,1402,10.08,.3,-9.9,63.1
108,서울,2023-12-20,-7.4,-11.9,2359,-2.1,1,2.5,.8,-13.1,64.1
108,서울,2023-12-21,-11.7,-14.4,705,-8,1515,,,-18.5,57.4
108,서울,2023-12-22,-11.6,-14.7,732,-8,1425,,,-19.6,51.8
108,서울,2023-12-23,-6.8,-12.7,511,-.9,1547,,,-15,53.4
108,서울,2023-12-24,-2.2,-5.6,622,3,1440,7.42,1.1,-6.4,73.4
108,서울,2023-12-25,-.7,-2.7,2315,2.1,1604,11.33,.7,-3.7,80.8
108,서울,2023-12-26,1.9,-2.6,1,7.2,1452,,,-2.7,72.9
108,서울,2023-12-27,1.5,-2.8,813,6.8,1549,,,-2.3,76.6
108,서울,2023-12-28,1.2,-1.7,620,4.4,1453,,,-3.9,69.5
108,서울,2023-12-29,1.3,-1.5,725,4.6,1438,,,-3.4,71
108,서울,2023-12-30,.6,-.9,237,2.1,2354,16.67,13.1,-.6,92
108,서울,2023-12-31,2.1,.6,2343,4.3,1550,9.83,4.7,1.4,95.5
108,서울,2024-01-01,3.3,-.3,402,7.3,1255,2.92,0,.5,83.4
108,서울,2024-01-02,2.9,2.2,622,4.3,1409,1.58,0,-1.6,72.6
108,서울,2024-01-03,1.8,-1.1,2350,4,1320,6.25,.6,-1.2,80.4
108,서울,2024-01-04,1.4,-3.3,715,4.7,1556,,,-2.7,74.3
108,서울,2024-01-05,5,1.4,2356,9.1,1439,.42,0,1.2,77.1
108,서울,2024-01-06,.7,-2.7,819,5.2,1444,3.08,2.4,-6,63.9
108,서울,2024-01-07,-4.4,-8.3,2312,-.9,1,,,-11.9,57.4
108,서울,2024-01-08,-4.7,-10.3,619,0,1441,,,-12.1,57.8
108,서울,2024-01-09,-.6,-1.9,1,.4,2239,13.17,1.6,-3,84
108,서울,2024-01-10,-1,-4.1,632,3.3,1542,,,-3.1,85.9
108,서울,2024-01-11,1.7,-2.4,618,4.5,1607,,,-1.4,80.6
108,서울,2024-01-12,.9,-1.4,2351,4.2,1546,,,-6.2,61.6
108,서울,2024-01-13,.4,-3.8,800,6.4,1519,,,-10.7,44.3
108,서울,2024-01-14,-.6,-3.3,2400,2.4,1613,3.67,3.1,-4.6,74.5
108,서울,2024-01-15,-3.7,-6.9,735,.9,1547,,,-12.6,51.3
108,서울,2024-01-16,-2.1,-7.2,814,4.3,1516,,,-11.5,49.8
108,서울,2024-01-17,.6,-2.3,103,1.9,2140,13.17,9.7,-3,78.5
108,서울,2024-01-18,4.5,1.4,751,9.4,1606,2.58,.5,1.4,81.5
108,서울,2024-01-19,5.4,4,2051,9,1436,,,-.7,65.4
108,서울,2024-01-20,3.4,1.9,1914,4.9,1306,11.17,.4,-1.7,69.5
108,서울,2024-01-21,1.7,-2.4,2352,4.3,1206,8.58,.4,-2.2,75.8
108,서울,2024-01-22,-8.7,-11.9,2349,-2.4,1,8.83,.2,-14,65.6
108,서울,2024-01-23,-11.7,-14,729,-8.2,1525,,,-19.2,53.6
108,서울,2024-01-24,-8,-11.2,36,-3.7,1600,,,-16.2,52
108,서울,2024-01-25,-5.3,-9.7,640,-.5,1532,,,-14.8,47.8
108,서울,2024-01-26,-1.7,-6.9,725,4,1544,,,-8.1,62.5
108,서울,2024-01-27,-.5,-4.6,801,4.6,1503,,,-5.7,70
108,서울,2024-01-28,-1.5,-5,753,3.8,1524,,,-7.9,62.3
108,서울,2024-01-29,-.4,-4.8,718,4.6,1440,,,-6.2,66.6
108,서울,2024-01-30,1.4,-4,738,8.1,1559,,,-6.5,59.3
108,서울,2024-01-31,4.7,.7,1,10.6,1447,,,-4.2,54.1
108,서울,2024-02-01,2.4,-1.3,717,8.2,1543,,,-3.8,64.9
108,서울,2024-02-02,3.1,.7,2355,7.9,1352,,,-2.9,65.5
108,서울,2024-02-03,4.7,-.2,208,8.3,1430,1.83,0,-1.7,63.9
108,서울,2024-02-04,7.3,3.7,704,12.2,1411,,,0,60.9
108,서울,2024-02-05,2.7,.1,2113,6.6,1,21,3.9,-.2,81.8
108,서울,2024-02-06,1.2,0,135,2.9,1224,7.83,.2,-1.3,83.5
108,서울,2024-02-07,.6,-.9,700,2.7,1435,3.25,0,-3.1,76.6
108,서울,2024-02-08,.6,-3,716,6.2,1532,,,-5.1,66.9
108,서울,2024-02-09,1.1,-2.5,731,6.1,1428,,,-4.5,66.8
108,서울,2024-02-10,1.7,-1.5,542,7.4,1437,,,-3.6,69.4
108,서울,2024-02-11,1,-3.1,738,5.5,1356,1.5,0,-3.9,70.6
108,서울,2024-02-12,3.5,-2.9,713,10.5,1601,,,-3.5,62.8
108,서울,2024-02-13,8.2,2,615,13.7,1441,,,3,70.6
108,서울,2024-02-14,12.9,8.8,1,18.3,1448,,,8.7,76.4
108,서울,2024-02-15,4.5,.6,2357,11.6,1,13.33,10.9,2.9,89.9
108,서울,2024-02-16,2.3,-1.5,643,8.1,1540,,,-2.5,72.4
108,서울,2024-02-17,4.4,-1.2,745,11.7,1525,,,-.2,73.5
108,서울,2024-02-18,6.2,1.2,717,9.4,2357,10.08,17.1,3,81.4
108,서울,2024-02-19,9.1,4.2,2348,11.9,1028,19.5,8.9,8.3,95.8
108,서울,2024-02-20,4.3,2.8,506,6.8,1432,10.08,2.6,2.1,86.3
108,서울,2024-02-21,1.9,0,2349,4,101,24,17.8,.7,92.5
108,서울,2024-02-22,.2,-1.1,653,1.6,1325,17.17,8.8,-2.1,84.5
108,서울,2024-02-23,1.8,-1,702,6.1,1458,3.83,.4,-3.5,68.8
108,서울,2024-02-24,2,-1.3,657,5.9,1418,6.75,2.3,-3.4,68.6
108,서울,2024-02-25,2.8,.8,602,5.9,1549,10.42,1.8,-.3,80.8
108,서울,2024-02-26,3.8,-1.2,656,9.7,1414,,,-2.6,65.3
108,서울,2024-02-27,5.3,1.2,607,9.8,1510,,,-4,52
108,서울,2024-02-28,6.4,3.2,712,10.1,1509,,,-1,59.5
108,서울,2024-02-29,4.8,.3,2400,9.6,1539,,,-1.7,63.6
108,서울,2024-03-01,-4.1,-7.1,2355,.3,1,,,-16.3,38.9
108,서울,2024-03-02,-.5,-8.1,253,4.1,2356,2,0,-7.3,60.4
108,서울,2024-03-03,4,.4,724,7.8,1335,,,-.9,71.5
108,서울,2024-03-04,5.4,-1.8,714,11.7,1508,,,-6.7,45.5
108,서울,2024-03-05,8,5.5,2357,11,1310,,,-3.5,45.1
108,서울,2024-03-06,6.2,2.5,640,10.3,1613,,,-1.5,58.8
108,서울,2024-03-07,3.9,1.2,2357,8.2,1258,3.83,2.1,-2.7,62.4
108,서울,2024-03-08,2.1,-.7,458,6.5,1338,,,-7.7,50.6
108,서울,2024-03-09,2,-2.1,726,7.1,1546,,,-7.8,50.8
108,서울,2024-03-10,4.2,-1.8,654,10.6,1455,,,-5,54
108,서울,2024-03-11,6.2,2,609,10.8,1711,,,-.8,62.3
108,서울,2024-03-12,6.6,4.4,2344,10,1541,5.88,2.1,2.9,78
108,서울,2024-03-13,6.5,1.3,711,12,1347,,,-1.7,57.6
108,서울,2024-03-14,8.5,3.4,652,15.4,1442,,,-.4,58.3
108,서울,2024-03-15,8.9,4,645,14.5,1533,,,2.9,68.5
108,서울,2024-03-16,10.9,4.4,626,18.3,1515,,,.7,54.5
108,서울,2024-03-17,8.8,5.4,2253,12.2,1451,.75,.1,-2.5,48
108,서울,2024-03-18,7.1,1.4,711,13.2,1356,,,-10.6,28.6
108,서울,2024-03-19,6.7,3.9,2400,9.8,1318,1.5,.2,-.5,60.8
108,서울,2024-03-20,4.4,1.2,643,8.7,1521,,,-6.6,46.5
108,서울,2024-03-21,5,-1.2,636,11.5,1429,,,-5.9,46.5
108,서울,2024-03-22,10.4,3.8,31,15.2,1622,7.25,5.4,1.5,57
108,서울,2024-03-23,13,9.3,718,18.2,1618,2.75,.1,6.1,66
108,서울,2024-03-24,16.2,10.5,237,23.4,1626,,,2.6,42.5
108,서울,2024-03-25,10.6,6.7,2332,14.5,1,11.08,5.1,3.3,63
108,서울,2024-03-26,7.4,3.2,800,12.4,1540,10.42,11.5,3.3,77.3
108,서울,2024-03-27,10.4,4.4,634,16.2,1522,,,4.4,68.4
108,서울,2024-03-28,10.3,7.8,2353,12.2,1629,10.83,1.9,7.2,81.8
108,서울,2024-03-29,7.6,5,2352,12.3,1611,4.75,1.4,2.8,73
108,서울,2024-03-30,8.8,3,559,15.6,1510,,,0,56.5
108,서울,2024-03-31,10.6,3.4,610,17.7,1544,,,-3.7,39.9
108,서울,2024-04-01,12.2,5.5,613,19,1502,,,-5.5,32
108,서울,2024-04-02,15.4,7,549,23.9,1422,,,.1,37.5
108,서울,2024-04-03,16.6,13.9,113,19.7,1348,.25,0,7.4,55.9
108,서울,2024-04-04,15.5,12.4,621,20.3,1313,,,5.5,52.1
108,서울,2024-04-05,14,10.2,2354,18.8,1437,,,3.9,51.3
108,서울,2024-04-06,12.7,8,607,18.9,1440,,,1,48.6
108,서울,2024-04-07,14.8,7.7,618,23.4,1551,,,-1.8,33.4
108,서울,2024-04-08,16.2,11,604,22.8,1432,,,4.3,46.5
108,서울,2024-04-09,15.3,10.6,703,20.8,1601,,,-1.8,32.4
108,서울,2024-04-10,13.8,10.2,607,18.5,1418,,,6.5,62.6
108,서울,2024-04-11,15.5,11.7,422,21.1,1543,.83,0,7.5,61
108,서울,2024-04-12,17.2,12,324,24.2,1606,,,8.9,59.6
108,서울,2024-04-13,19.1,11.2,606,27.3,1547,,,8.1,52.4
108,서울,2024-04-14,20.8,13.6,606,29.4,1442,,,8.1,47.1
108,서울,2024-04-15,16,11.7,2110,20,731,12.17,17.1,11.5,77.4
108,서울,2024-04-16,13.3,11.5,228,17.9,1610,6.08,2.3,10.1,82.6
108,서울,2024-04-17,15,9.7,556,21.8,1507,,,7.7,65.3
108,서울,2024-04-18,17.3,10.7,547,24.9,1454,,,6.7,53.3
108,서울,2024-04-19,17.6,11.5,637,24.3,1518,,,7.1,51.8
108,서울,2024-04-20,14.9,13,2129,17.2,950,14,4.8,10.7,77.3
108,서울,2024-04-21,17.2,13.3,1,21.7,1220,,,10.4,65.5
108,서울,2024-04-22,18.8,15,523,24.1,1702,,,7.8,49.4
108,서울,2024-04-23,17.3,13.2,603,24.2,1356,3.33,0,7.8,55
108,서울,2024-04-24,13.2,11,2330,16.5,1351,7,9,9.7,80.1
108,서울,2024-04-25,14.4,10.3,602,20.8,1621,,,9.8,75.6
108,서울,2024-04-26,17.8,11.4,603,26,1543,,,9.2,61.1
108,서울,2024-04-27,18.2,11.5,601,26.2,1525,,,8.7,56.4
108,서울,2024-04-28,20.7,13,558,28.9,1559,,,9.9,53.5
108,서울,2024-04-29,20.9,16.9,553,26.1,1456,,,9.1,48
108,서울,2024-04-30,18.6,16,2354,22.5,1417,,,11.1,62.5
108,서울,2024-05-01,18.5,13.9,535,24,1552,,,5.9,46
108,서울,2024-05-02,18.1,12.4,546,23.7,1457,,,6.3,48.4
108,서울,2024-05-03,19.7,12.2,559,27.9,1618,,,7.1,46.9
108,서울,2024-05-04,21.4,14.6,602,28.5,1402,.17,0,8.2,44.8
108,서울,2024-05-05,17.8,15.7,2351,20.6,1,20.08,48.3,15.4,87.4
108,서울,2024-05-06,13.9,13.4,1811,15.7,1,20.17,12.3,12.7,92.9
108,서울,2024-05-07,13.3,12.2,2357,15,1552,16.17,2.4,9.1,77.3
108,서울,2024-05-08,14.7,9,554,21.4,1609,,,6.3,58.8
108,서울,2024-05-09,16.1,10.9,517,21.8,1557,,,8.4,63.6
108,서울,2024-05-10,17.9,12.5,534,23.8,1441,,,7.9,55.6
108,서울,2024-05-11,17,14,2259,22,1227,9,31.7,13.2,80
108,서울,2024-05-12,16.6,11.9,556,21.6,1518,,,9.3,65
108,서울,2024-05-13,18.3,11.9,603,24.5,1444,,,7.4,51.9
108,서울,2024-05-14,18.8,12.7,559,24.7,1419,,,5,43.3
108,서울,2024-05-15,12.6,7.2,2129,18.8,1002,10.5,20.6,7.7,74.3
108,서울,2024-05-16,13.7,6.9,600,19.8,1613,1.75,.1,5.3,61.3
108,서울,2024-05-17,18.3,10.8,535,24.9,1435,,,10.7,63.6
108,서울,2024-05-18,20.7,16,551,26.5,1459,,,13.7,65.3
108,서울,2024-05-19,21.5,15.9,534,27.9,1513,,,13.5,63.1
108,서울,2024-05-20,19.4,16.8,2347,22.8,1251,,,14.8,75
108,서울,2024-05-21,21.7,16.3,553,28.3,1654,,,15,68.1
108,서울,2024-05-22,20.5,16.4,533,25.5,1453,,,14.1,68.9
108,서울,2024-05-23,20.2,15.8,607,26.4,1554,,,13.6,67.9
108,서울,2024-05-24,20.1,15.7,145,24.7,1726,,,15.4,75.1
108,서울,2024-05-25,21.4,18.7,125,24.7,1248,,,13.7,62.8
108,서울,2024-05-26,19.9,17,2342,23.7,1110,8.33,8.7,14.7,74.3
108,서울,2024-05-27,18.5,14.1,603,22.6,1504,,,10.8,63.4
108,서울,2024-05-28,20.4,14.3,534,26.1,1704,,,10.2,54.8
108,서울,2024-05-29,21.2,15.4,547,26.8,1502,,,10.1,51.6
108,서울,2024-05-30,20.7,16.2,546,24.6,1544,,,9.5,49.1
108,서울,2024-05-31,20.4,16.9,603,25.4,1507,1.75,1,11.9,60
108,서울,2024-06-01,20.7,17.5,529,25.2,1520,.67,0,12.3,61.3
108,서울,2024-06-02,20.4,15.7,551,25.8,1551,,,9.8,51.9
108,서울,2024-06-03,22.2,15.7,520,28.7,1603,,,9.5,47.4
108,서울,2024-06-04,22.8,16.3,527,29.3,1607,,,8.9,42.1
108,서울,2024-06-05,23.6,18.1,517,30.1,1403,,,13.4,53.9
108,서울,2024-06-06,24.1,19.3,602,31.4,1611,,,14,54.3
108,서울,2024-06-07,23.1,18.3,544,28,1538,4.17,.8,12.9,54.3
108,서울,2024-06-08,20.3,17.9,448,25,1730,11.5,16.9,16.5,79.5
108,서울,2024-06-09,22.9,17.4,555,28.8,1456,,,16.4,68.9
108,서울,2024-06-10,24.7,19,531,31.1,1509,,,17.4,66.3
108,서울,2024-06-11,25.4,21.7,2359,31.6,1542,,,17.3,62.4
108,서울,2024-06-12,24.8,19.2,517,31.8,1423,,,16.1,60.8
108,서울,2024-06-13,26.4,20,504,32.8,1544,,,15,51.4
108,서울,2024-06-14,26.3,21.4,532,33,1425,,,16.4,56
108,서울,2024-06-15,24.2,21.8,445,28.2,1629,6,6.1,18.7,72.3
108,서울,2024-06-16,24.3,19.9,535,29.5,1448,,,14.9,58.4
108,서울,2024-06-17,24.8,18.9,527,30.2,1448,,,12.4,48.4
108,서울,2024-06-18,26,20.4,544,32.9,1509,,,16.9,59.5
108,서울,2024-06-19,28.8,21.4,509,35.8,1623,,,17.7,54.3
108,서울,2024-06-20,29.4,23.4,518,35.4,1348,,,15.6,45.1
108,서울,2024-06-21,28.1,22.9,513,33.9,1304,,,16.3,49.8
108,서울,2024-06-22,24.2,22.6,1248,26.1,833,13.67,16.5,20.4,80.6
108,서울,2024-06-23,25.1,22.5,333,30.1,1402,8.42,5.1,21.1,79.5
108,서울,2024-06-24,24.3,21.2,2353,27.9,1308,.33,0,18.3,70.4
108,서울,2024-06-25,22.9,19.1,559,27.2,1431,,,14.9,61.9
108,서울,2024-06-26,24.9,18.9,608,31.6,1640,,,16.3,61
108,서울,2024-06-27,26.3,20.6,537,31.6,1300,,,16.1,55
108,서울,2024-06-28,26.6,21.3,536,32.5,1449,,,16.3,54.6
108,서울,2024-06-29,26.7,21.6,529,32.3,1408,5.42,38.3,19,65.1
108,서울,2024-06-30,23.5,22,947,24.9,1640,7.08,32.2,21.4,88.5
108,서울,2024-07-01,26.3,22,506,31.3,1537,,,19.8,69.1
108,서울,2024-07-02,23.2,21.9,1214,25.2,1,17.25,65.1,21.4,90
108,서울,2024-07-03,24.7,23.6,735,25.9,1152,3.67,.8,21,80.3
108,서울,2024-07-04,26.8,23.2,620,30.6,1459,3.13,3.6,21.7,74.8
108,서울,2024-07-05,23.4,21.3,510,26.1,1655,6.92,4.1,19.7,80.5
108,서울,2024-07-06,25.1,22.1,542,30,1420,5.92,2.8,22.2,84.1
108,서울,2024-07-07,24.4,21.5,514,28.2,1327,5.17,28.7,21.6,85.1
108,서울,2024-07-08,23.8,23.1,2032,24.5,1535,17.83,21.1,22.6,93.4
108,서울,2024-07-09,24.5,22.7,513,26.7,1317,6.17,.3,22,86.9
108,서울,2024-07-10,26.6,22.7,517,31.1,1326,3.92,1.4,22.1,77.1
108,서울,2024-07-11,25.7,23.3,2354,28.9,1531,,,21.8,79.6
108,서울,2024-07-12,25.6,21.8,550,30.2,1619,,,21.6,79.5
108,서울,2024-07-13,28.1,23.5,550,33.3,1544,.5,0,21.6,70
108,서울,2024-07-14,28.4,24.9,654,32.1,1654,.47,.4,21.2,65.9
108,서울,2024-07-15,28.4,24.5,524,31.3,1633,.17,0,21,64.6
108,서울,2024-07-16,27,24.6,2346,30.7,1227,9.93,17,22.7,78.4
108,서울,2024-07-17,25.4,24.1,355,28.1,1345,18.58,98.8,23.9,91.6
108,서울,2024-07-18,24.3,23.1,813,25.6,1,17.92,128.8,23.5,95.3
108,서울,2024-07-19,27,24.2,440,30.8,1454,3.83,.1,23,80.1
108,서울,2024-07-20,27.2,25.1,443,30.6,1547,4.42,14.9,23.4,80.4
108,서울,2024-07-21,26.5,22.5,451,29.8,1808,8.47,8.5,23.4,83.6
108,서울,2024-07-22,26.6,24.3,1104,27.9,1,10.33,79.9,24.6,89
108,서울,2024-07-23,26.4,25.8,454,27.3,1517,6.33,2,24.2,87.9
108,서울,2024-07-24,28.1,26,546,30.9,1355,6.25,14.7,25.2,85
108,서울,2024-07-25,28.8,25.4,2356,32.2,1551,2.67,25.3,24.8,79.8
108,서울,2024-07-26,28.7,25.2,137,32.7,1537,3,5.5,25.2,81.9
108,서울,2024-07-27,28.9,27.5,546,31.7,1244,4.92,33.5,25.7,83.6
108,서울,2024-07-28,29.2,27.3,445,32.2,1427,.33,0,24.4,76
108,서울,2024-07-29,27.4,26.8,2356,27.8,1,5.5,0,24.4,84
108,서울,2024-07-30,28.6,26.3,459,31.9,1441,,,24.4,78.8
108,서울,2024-07-31,29.4,27,321,33.3,1540,,,24.2,74.5
108,서울,2024-08-01,29.9,27.3,442,33.2,1520,1.42,.3,25,75.5
108,서울,2024-08-02,29.6,28.2,549,32.5,1608,,,25.6,79.4
108,서울,2024-08-03,30.2,27.2,425,34.2,1528,,,25,75
108,서울,2024-08-04,31.8,27.3,542,36.2,1448,,,25.1,69.3
108,서울,2024-08-05,30,26.9,2358,33.7,1522,3.53,1.3,25.1,75.5
108,서울,2024-08-06,29.5,25.6,539,33.5,1546,.75,0,24.3,74.8
108,서울,2024-08-07,29.6,27.2,536,33.4,1602,1.33,3.4,23.8,72
108,서울,2024-08-08,28.5,26.9,2353,31.6,1708,1.83,0,24.1,77.5
108,서울,2024-08-09,29.3,25.6,442,33.6,1420,,,24,74.1
108,서울,2024-08-10,30,26.4,530,33.6,1335,,,23.8,70.8
108,서울,2024-08-11,30.8,27.8,558,34.4,1521,,,24,67.8
108,서울,2024-08-12,31.1,28.2,608,34.1,1512,,,24.9,70.5
108,서울,2024-08-13,31.3,28.1,520,36.4,1501,2.08,0,24.9,70
108,서울,2024-08-14,30,27.3,2002,34.9,1438,1.75,3,24.4,73
108,서울,2024-08-15,29.2,26.7,546,34.6,1541,3.25,6.4,24,74.6
108,서울,2024-08-16,29.8,26.8,418,34.3,1340,.25,0,23.4,69.4
108,서울,2024-08-17,29.8,27.2,559,34,1514,1.5,11,23.7,71
108,서울,2024-08-18,29.5,27,525,33.9,1253,1.08,0,24.1,73.8
108,서울,2024-08-19,29.7,26.3,607,35.3,1355,.92,2.3,23.8,72.3
108,서울,2024-08-20,31.4,27,331,35.4,1519,.25,0,24.5,68.3
108,서울,2024-08-21,28.4,26.9,653,30.8,1,12.75,42.2,25.7,85.9
108,서울,2024-08-22,28.6,27.1,2211,30.3,1251,4.42,.6,24.7,79.9
108,서울,2024-08-23,28.4,26.4,550,31.8,1418,.5,0,23,73.5
108,서울,2024-08-24,27.6,25.1,612,30.9,1628,3.42,2,23.5,78.8
108,서울,2024-08-25,28.5,24.9,612,32.7,1558,,,23.8,76.6
108,서울,2024-08-26,28.1,25.6,554,30.6,1509,.25,0,23.7,77.8
108,서울,2024-08-27,26.5,24.6,953,30.3,1638,5.58,.3,20.3,69.8
108,서울,2024-08-28,28.2,23,559,33.2,1623,,,20,62.1
108,서울,2024-08-29,28.4,23.4,624,33.5,1416,,,20,61
108,서울,2024-08-30,28,23.7,604,32.9,1415,,,20.3,64
108,서울,2024-08-31,27.6,22.6,639,33,1553,,,20.2,65.6
108,서울,2024-09-01,27.1,24.6,557,31.6,1458,,,19.5,64.9
108,서울,2024-09-02,24.5,22.2,709,26.9,1701,5.42,2.7,19.4,73.6
108,서울,2024-09-03,27,23.2,625,32,1453,,,16.8,54.5
108,서울,2024-09-04,27.9,23.2,557,33.3,1559,,,19.5,61.4
108,서울,2024-09-05,26.3,25.6,1903,28.8,1030,4.42,6.9,22.2,79.1
108,서울,2024-09-06,24,23.3,1211,25.7,1,9.75,.7,20.1,79.3
108,서울,2024-09-07,26.5,22.8,621,31.3,1432,.42,0,20.1,68.9
108,서울,2024-09-08,27.2,22.6,635,32.8,1528,,,20.8,69.6
108,서울,2024-09-09,28.5,24.1,420,34.1,1445,,,22,69
108,서울,2024-09-10,29.4,25.6,600,33.9,1535,,,22.5,67.3
108,서울,2024-09-11,29,25.4,618,34.6,1240,2.25,.4,23.1,71.5
108,서울,2024-09-12,25.4,24.8,2121,27.1,1,18.83,32.7,23.9,91.5
108,서울,2024-09-13,25.9,24.2,413,28,1243,18.67,7.6,24.4,91.4
108,서울,2024-09-14,28,25.2,657,32.2,1630,.33,0,24,80.3
108,서울,2024-09-15,27.5,24.2,2346,32.4,1520,,,22.1,73.6
108,서울,2024-09-16,26.8,21.3,738,32.2,1453,3,9.5,21.6,74
108,서울,2024-09-17,28.6,25.8,556,33.2,1507,,,24,77
108,서울,2024-09-18,29.4,26.5,434,33.6,1445,.5,.7,24.7,76.8
108,서울,2024-09-19,29.1,25.6,632,32.6,1515,,,24.5,77.4
108,서울,2024-09-20,25,17.9,2345,28.6,1,15.33,54.5,23.2,89.8
108,서울,2024-09-21,19.3,17.1,749,21.9,1528,8.83,27,16,82.3
108,서울,2024-09-22,21,16.9,523,26.7,1520,,,14.5,67.4
108,서울,2024-09-23,20.8,16.6,603,26.1,1544,,,12.1,58.3
108,서울,2024-09-24,21,15.6,638,26.9,1535,,,12,57.9
108,서울,2024-09-25,23.3,18.6,312,27.3,1424,.5,0,16.3,65.6
108,서울,2024-09-26,23.6,21.1,645,28,1505,3.58,1.2,18.7,75.1
108,서울,2024-09-27,22.7,19.1,643,28,1534,,,17.3,72.8
108,서울,2024-09-28,23.2,19.2,613,27.9,1359,,,14.6,59.3
108,서울,2024-09-29,23.5,19.1,622,29,1446,,,15.5,61.5
108,서울,2024-09-30,23,18.3,622,28.5,1532,,,15.2,63
108,서울,2024-10-01,18.3,13.3,2400,21.7,1,4.5,2.5,11.8,67.5
108,서울,2024-10-02,14.9,11.6,649,19.9,1536,,,3.6,48.8
108,서울,2024-10-03,16.4,10.8,618,22.5,1307,,,8,59
108,서울,2024-10-04,17.6,11.9,642,24.2,1454,,,9,60
108,서울,2024-10-05,17.5,11.6,601,24.4,1510,,,9.2,60.4
108,서울,2024-10-06,15.4,12.3,546,17.9,1500,2.67,0,10.6,73.5
108,서울,2024-10-07,16.9,14,652,20.7,1312,,,12,73.9
108,서울,2024-10-08,17.7,12.7,710,23.9,1505,,,12.6,73.9
108,서울,2024-10-09,18.8,13.9,629,24.4,1402,,,11.5,64.1
108,서울,2024-10-10,18.8,15.3,611,24.1,1547,.17,0,12.1,66.3
108,서울,2024-10-11,18.6,13.9,702,24.4,1451,,,12.3,68.8
108,서울,2024-10-12,18.3,13.4,657,24.7,1535,,,9.5,60.6
108,서울,2024-10-13,18.3,12.6,625,22.6,1535,,,11.7,67
108,서울,2024-10-14,19.3,17.6,309,21.5,1444,1.5,0,13.6,70.3
108,서울,2024-10-15,19.2,17.6,612,21.9,1511,5.58,.5,16.5,85
108,서울,2024-10-16,18.2,14.4,628,24.2,1449,,,13.7,76.9
108,서울,2024-10-17,19,13.8,402,25.7,1512,,,13,70.4
108,서울,2024-10-18,17.4,16.2,1955,18.8,930,11.33,47.1,15,86.1
108,서울,2024-10-19,16.6,12.4,2341,21.1,1151,2.08,1,11.9,75
108,서울,2024-10-20,13.4,10.5,709,17.8,1421,,,4.6,56
108,서울,2024-10-21,14.8,9.7,233,19.3,1513,2.33,0,8.4,66.4
108,서울,2024-10-22,15.5,14.9,644,16.6,2155,21.5,20.6,13.9,90.8
108,서울,2024-10-23,12.7,9.4,2356,15.5,1341,5.5,2.3,8.2,75.3
108,서울,2024-10-24,12.5,7.1,650,18.4,1501,,,7,71.4
108,서울,2024-10-25,14.9,8.7,701,21.5,1416,,,7.4,64.1
108,서울,2024-10-26,17,10.7,644,24,1552,,,10.7,68.3
108,서울,2024-10-27,16,14,2400,18.8,1314,.58,0,12.3,79.4
108,서울,2024-10-28,15.7,12.3,416,20.4,1504,.13,0,11.2,75.9
108,서울,2024-10-29,15,13.4,504,18.3,1529,1,0,8.3,64.6
108,서울,2024-10-30,15.7,11.4,709,21.4,1405,,,10.2,71.3
108,서울,2024-10-31,15.9,11,714,22.6,1455,,,9.5,67.8
108,서울,2024-11-01,15.3,12.9,321,18.7,1454,,,9.8,70.8
108,서울,2024-11-02,18.1,13,658,25.1,1510,,,9.6,58.9
108,서울,2024-11-03,17.6,13,655,23.5,1347,.15,0,12.1,71.1
108,서울,2024-11-04,14.8,8.9,2354,18.3,1228,.5,.1,7,62
108,서울,2024-11-05,9.1,5.6,737,14.7,1423,,,-1.3,49.8
108,서울,2024-11-06,7.5,4.1,628,12.5,1430,,,-3.6,46.1
108,서울,2024-11-07,7.8,1.6,707,15.7,1515,,,-3,48.1
108,서울,2024-11-08,10.2,3.1,629,18.1,1501,,,.1,50.8
108,서울,2024-11-09,12.9,6.8,607,20.3,1436,,,3.9,55.8
108,서울,2024-11-10,14.4,10.3,536,21,1520,,,7.4,64
