구분,일반이용자,자전거,인라인,PM(개인형이동장치),마라톤,주요행사,운동시설 통,기타,특화공원,합계
광나루,119810.0,65319.0,72.0,0.0,1099.0,0.0,84756.0,2230.0,0.0,273286.0
잠실,111660.0,105695.0,0.0,0.0,500.0,2500.0,63610.0,3542.0,0.0,287507.0
뚝섬,623700.0,168100.0,0.0,0.0,27442.0,1500.0,111170.0,47126.0,159204.0,1138242.0
잠원,74545.0,37610.0,0.0,0.0,1079.0,0.0,54281.0,2218.0,0.0,169733.0
반포,160933.0,85129.0,165.0,0.0,7583.0,0.0,41995.0,3204.0,74282.0,373291.0
이촌,78360.0,55200.0,170.0,0.0,1160.0,0.0,59120.0,3630.0,0.0,197640.0
여의도,231620.0,49190.0,410.0,0.0,13380.0,1200.0,36215.0,31135.0,325680.0,688830.0
양화,60044.0,36339.0,10.0,0.0,917.0,0.0,16215.0,392.0,0.0,113917.0
난지,148990.0,80320.0,0.0,0.0,2100.0,0.0,11420.0,1327.0,0.0,244157.0
망원,71119.0,60658.0,268.0,0.0,2608.0,0.0,26919.0,1003.0,0.0,162575.0
강서,48733.0,54027.0,89.0,0.0,470.0,0.0,24253.0,382.0,0.0,127954.0
광나루,119325.0,62433.0,113.0,0.0,667.0,0.0,72182.0,821.0,0.0,255541.0
잠실,105805.0,90981.0,0.0,0.0,0.0,0.0,57745.0,3068.0,0.0,257599.0
뚝섬,559290.0,163710.0,0.0,0.0,24885.0,0.0,101880.0,32135.0,154010.0,1035910.0
잠원,66495.0,41873.0,0.0,0.0,1188.0,0.0,53221.0,2093.0,0.0,164870.0
반포,145506.0,67920.0,140.0,0.0,8130.0,0.0,34552.0,3218.0,71098.0,330564.0
이촌,78040.0,57560.0,320.0,0.0,1320.0,1290.0,56480.0,3480.0,0.0,198490.0
여의도,107275.0,48910.0,1470.0,0.0,14920.0,0.0,28710.0,34405.0,272120.0,507810.0
양화,53470.0,35864.0,18.0,0.0,902.0,0.0,17282.0,364.0,0.0,107900.0
난지,140530.0,80220.0,0.0,0.0,6155.0,3000.0,12565.0,2191.0,0.0,244661.0
망원,70460.0,57524.0,176.0,0.0,6433.0,0.0,31446.0,1207.0,0.0,167246.0
강서,51180.0,56222.0,72.0,0.0,927.0,0.0,27209.0,400.0,0.0,136010.0
광나루,176105.0,112501.0,455.0,0.0,3416.0,3310.0,115850.0,538.0,0.0,412175.0
잠실,125070.0,129495.0,0.0,0.0,940.0,2000.0,69485.0,0.0,0.0,326990.0
뚝섬,714660.0,274390.0,0.0,0.0,35485.0,0.0,158730.0,37210.0,217000.0,1437475.0
잠원,88920.0,53544.0,0.0,0.0,1152.0,0.0,84672.0,3315.0,0.0,231603.0
반포,359041.0,107689.0,370.0,0.0,15232.0,0.0,51510.0,4681.0,89648.0,628171.0
이촌,107990.0,82960.0,520.0,0.0,3040.0,0.0,75050.0,5440.0,0.0,275000.0
여의도,251152.0,80911.0,1889.0,0.0,16932.0,12880.0,43784.0,65004.0,550408.0,1022960.0
양화,77769.0,61042.0,139.0,0.0,1215.0,0.0,25916.0,597.0,0.0,166678.0
난지,161145.0,72835.0,0.0,0.0,4755.0,0.0,0.0,4661.0,0.0,243396.0
망원,116677.0,98314.0,409.0,0.0,6211.0,0.0,46081.0,0.0,0.0,267692.0
강서,69065.0,101245.0,345.0,0.0,1641.0,0.0,42311.0,695.0,0.0,215302.0
광나루,136580.0,105514.0,584.0,0.0,4517.0,4000.0,102828.0,3102.0,0.0,357125.0
잠실,125360.0,136970.0,70.0,0.0,3000.0,2518.0,64380.0,3513.0,0.0,335811.0
뚝섬,710200.0,271810.0,0.0,0.0,24305.0,1200.0,161290.0,43840.0,251167.0,1463812.0
잠원,86159.0,54942.0,7.0,0.0,0.0,0.0,34569.0,3399.0,0.0,179076.0
반포,309925.0,111095.0,625.0,0.0,7446.0,6000.0,45111.0,6947.0,88706.0,575855.0
이촌,103830.0,72360.0,470.0,0.0,1900.0,5370.0,78220.0,5220.0,0.0,267370.0
여의도,2912020.0,213290.0,4030.0,0.0,20700.0,23260.0,50225.0,125740.0,1920925.0,5270190.0
양화,90828.0,71112.0,204.0,0.0,1315.0,0.0,26481.0,829.0,0.0,190769.0
난지,184255.0,90200.0,0.0,0.0,2830.0,55200.0,10775.0,24949.0,0.0,368209.0
망원,147413.0,117825.0,689.0,0.0,13832.0,0.0,37757.0,0.0,0.0,317516.0
강서,71810.0,97422.0,316.0,0.0,2574.0,6.0,40272.0,546.0,0.0,212946.0
광나루,158204.0,115382.0,211.0,0.0,11527.0,0.0,107236.0,5615.0,0.0,398175.0
잠실,143235.0,146804.0,51.0,0.0,8000.0,400.0,72295.0,3479.0,0.0,374264.0
뚝섬,815080.0,225420.0,0.0,0.0,34633.0,4350.0,156470.0,47482.0,274133.0,1557568.0
잠원,101949.0,63783.0,223.0,0.0,141.0,5944.0,116343.0,5164.0,0.0,293547.0
반포,374784.0,123111.0,400.0,0.0,9227.0,9000.0,55958.0,11104.0,93252.0,676836.0
이촌,113920.0,81340.0,820.0,0.0,2730.0,2600.0,74760.0,8860.0,0.0,285030.0
여의도,635625.0,180910.0,4880.0,0.0,20030.0,16220.0,49180.0,101400.0,1156555.0,2164800.0
양화,90559.0,75804.0,290.0,0.0,9312.0,0.0,28027.0,1152.0,0.0,205144.0
난지,206665.0,98535.0,0.0,0.0,5690.0,55000.0,18870.0,31111.0,0.0,415871.0
망원,156132.0,121825.0,694.0,0.0,10701.0,340.0,38482.0,2732.0,0.0,330906.0
강서,78323.0,148146.0,439.0,0.0,3700.0,0.0,44881.0,859.0,0.0,276348.0
광나루,143659.0,117933.0,301.0,0.0,1561.0,0.0,119699.0,1289.0,0.0,384442.0
잠실,144210.0,0.0,70.0,0.0,0.0,0.0,251560.0,6190.0,0.0,402030.0
뚝섬,824040.0,272120.0,175.0,0.0,26423.0,10800.0,166110.0,52398.0,242002.0,1594068.0
잠원,75370.0,0.0,524.0,0.0,1411.0,35000.0,91640.0,3418.0,0.0,207363.0
반포,326637.0,0.0,242.0,0.0,10421.0,7079.0,181253.0,11376.0,95954.0,632962.0
이촌,111590.0,86420.0,590.0,0.0,2680.0,3000.0,82980.0,9330.0,0.0,296590.0
여의도,621960.0,175330.0,6540.0,0.0,14620.0,24020.0,54600.0,122180.0,1088450.0,2107700.0
양화,89470.0,0.0,276.0,0.0,3024.0,600.0,119733.0,1469.0,0.0,214572.0
난지,192959.0,108757.0,863.0,0.0,2828.0,34974.0,19201.0,28788.0,0.0,388370.0
망원,140801.0,118385.0,559.0,0.0,11935.0,0.0,51880.0,2556.0,0.0,326116.0
강서,80539.0,115673.0,452.0,0.0,1566.0,0.0,48823.0,983.0,0.0,248036.0
광나루,162860.0,111263.0,242.0,0.0,631.0,400.0,101390.0,16828.0,0.0,393614.0
잠실,139350.0,148210.0,0.0,0.0,0.0,500.0,0.0,27604.0,0.0,315664.0
뚝섬,811905.0,181260.0,0.0,0.0,50695.0,1000.0,176435.0,49914.0,165837.0,1437046.0
잠원,75393.0,31710.0,40.0,0.0,80.0,0.0,57880.0,24566.0,0.0,189669.0
반포,357853.0,110934.0,113.0,0.0,2479.0,0.0,33879.0,12358.0,91762.0,609378.0
이촌,106620.0,88110.0,570.0,0.0,2240.0,6140.0,81830.0,7820.0,0.0,293330.0
여의도,464675.0,157640.0,5798.0,0.0,37500.0,40790.0,70780.0,153710.0,1163777.0,2094670.0
양화,73716.0,71302.0,23.0,0.0,9406.0,20.0,22851.0,2974.0,0.0,180292.0
난지,201322.0,119386.0,1194.0,0.0,2213.0,45899.0,29715.0,26387.0,0.0,426116.0
망원,117491.0,113402.0,736.0,0.0,10090.0,700.0,56120.0,2154.0,0.0,300693.0
강서,84171.0,108317.0,337.0,0.0,1515.0,0.0,49199.0,0.0,0.0,243539.0
광나루,145886.0,125012.0,607.0,0.0,307.0,153.0,99140.0,19885.0,0.0,390990.0
잠실,131410.0,122745.0,185.0,0.0,0.0,2000.0,75270.0,21028.0,0.0,352638.0
뚝섬,992830.0,233260.0,247.0,0.0,60399.0,4000.0,240530.0,74464.0,197792.0,1803522.0
잠원,62369.0,34569.0,42.0,0.0,66.0,0.0,48530.0,22132.0,0.0,167708.0
반포,366544.0,118924.0,136.0,0.0,3678.0,7500.0,39472.0,16373.0,139131.0,691758.0
이촌,97990.0,77650.0,360.0,0.0,3190.0,1300.0,80060.0,10610.0,0.0,271160.0
여의도,408070.0,171190.0,4503.0,0.0,40260.0,36200.0,71185.0,163119.0,1222755.0,2117282.0
양화,60733.0,52475.0,73.0,0.0,6529.0,9.0,22885.0,2653.0,0.0,145357.0
난지,183061.0,112800.0,989.0,0.0,1918.0,49325.0,23867.0,15113.0,0.0,387073.0
망원,107969.0,93982.0,496.0,0.0,6981.0,550.0,51415.0,2095.0,0.0,263488.0
강서,85619.0,87941.0,469.0,0.0,1330.0,0.0,55089.0,825.0,0.0,231273.0
광나루,145780.0,122287.0,251.0,0.0,481.0,2000.0,93345.0,4577.0,0.0,368721.0
잠실,136590.0,155520.0,335.0,0.0,0.0,4500.0,83169.0,3390.0,0.0,383504.0
뚝섬,980710.0,215230.0,630.0,0.0,55397.0,23800.0,215960.0,77122.0,207998.0,1776847.0
잠원,72805.0,34396.0,132.0,0.0,177.0,500.0,61165.0,2926.0,0.0,172101.0
반포,416093.0,138273.0,91.0,0.0,6928.0,29000.0,47299.0,16637.0,154937.0,809258.0
이촌,120670.0,89390.0,480.0,0.0,3480.0,100.0,84860.0,10040.0,0.0,309020.0
여의도,384120.0,205770.0,7525.0,0.0,40010.0,11020.0,67695.0,140255.0,1164440.0,2020835.0
양화,62653.0,59480.0,383.0,0.0,7509.0,5.0,19386.0,772.0,0.0,150188.0
난지,218309.0,115614.0,1288.0,0.0,2674.0,71687.0,44591.0,2767.0,0.0,456930.0
망원,127577.0,115540.0,631.0,0.0,16589.0,0.0,42705.0,2842.0,0.0,305884.0
강서,80650.0,129004.0,598.0,0.0,1921.0,0.0,49205.0,0.0,0.0,261378.0
광나루,166100.0,103052.0,254.0,0.0,2282.0,3500.0,81189.0,4728.0,0.0,361105.0
잠실,144025.0,145610.0,105.0,0.0,7250.0,300.0,78255.0,3700.0,0.0,379245.0
뚝섬,1027940.0,190395.0,505.0,0.0,52365.0,39000.0,172355.0,69563.0,218230.0,1770353.0
잠원,61278.0,34944.0,119.0,0.0,260.0,2200.0,64458.0,2661.0,0.0,165920.0
반포,461407.0,134294.0,134.0,0.0,2085.0,41000.0,49424.0,19352.0,187312.0,895008.0
이촌,134340.0,79460.0,510.0,0.0,2950.0,235900.0,71920.0,11850.0,0.0,536930.0
여의도,778050.0,186810.0,3565.0,0.0,32710.0,5820.0,67190.0,143100.0,1081190.0,2298435.0
양화,53364.0,45910.0,475.0,0.0,8738.0,0.0,14011.0,820.0,0.0,123318.0
난지,175757.0,113426.0,1322.0,0.0,11332.0,53253.0,21349.0,16121.0,0.0,392560.0
망원,117510.0,99536.0,353.0,0.0,24469.0,1500.0,47250.0,2999.0,0.0,293617.0
강서,78767.0,101256.0,476.0,0.0,1469.0,0.0,50844.0,859.0,0.0,233671.0
광나루,113480.0,84150.0,85.0,0.0,320.0,0.0,70101.0,601.0,0.0,268737.0
잠실,109960.0,117655.0,0.0,0.0,0.0,200.0,0.0,2840.0,0.0,230655.0
뚝섬,674640.0,138181.0,257.0,0.0,49765.0,3500.0,120440.0,46065.0,165121.0,1197969.0
잠원,50116.0,27713.0,65.0,0.0,329.0,60.0,38471.0,10965.0,0.0,127719.0
반포,236533.0,93737.0,125.0,0.0,2587.0,0.0,40537.0,14027.0,112260.0,499806.0
이촌,68690.0,53630.0,440.0,0.0,1540.0,0.0,52940.0,2860.0,0.0,180100.0
여의도,255790.0,131290.0,2485.0,0.0,27070.0,4020.0,58170.0,101870.0,537720.0,1118415.0
양화,42365.0,37250.0,21.0,0.0,3418.0,0.0,13380.0,739.0,0.0,97173.0
난지,108111.0,81945.0,851.0,0.0,1559.0,20980.0,13906.0,11113.0,0.0,238465.0
망원,77319.0,72530.0,276.0,0.0,12814.0,0.0,43766.0,2551.0,0.0,209256.0
강서,69820.0,84910.0,420.0,0.0,1130.0,0.0,42124.0,676.0,0.0,199080.0
광나루,114300.0,55157.0,34.0,0.0,440.0,0.0,54964.0,505.0,0.0,225400.0
잠실,100165.0,87135.0,0.0,0.0,200.0,0.0,66542.0,2840.0,0.0,256882.0
뚝섬,652470.0,118328.0,147.0,0.0,34190.0,4100.0,119690.0,22326.0,124115.0,1075366.0
잠원,42211.0,22126.0,150.0,0.0,742.0,0.0,36453.0,2094.0,0.0,103776.0
반포,216771.0,57673.0,146.0,0.0,914.0,0.0,35962.0,8718.0,110016.0,430200.0
이촌,62170.0,43630.0,370.0,0.0,1670.0,200.0,47830.0,3260.0,0.0,159130.0
여의도,174444.0,79636.0,1960.0,0.0,20160.0,1260.0,44473.0,85010.0,364507.0,771450.0
양화,34314.0,24295.0,100.0,0.0,5241.0,0.0,10529.0,498.0,0.0,74977.0
난지,74471.0,49212.0,616.0,0.0,1275.0,14640.0,8909.0,2261.0,0.0,151384.0
망원,72604.0,59386.0,99.0,0.0,5068.0,0.0,30073.0,3179.0,0.0,170409.0
강서,59390.0,66436.0,175.0,0.0,669.0,0.0,31779.0,432.0,0.0,158881.0
광나루,121530.0,59366.0,13.0,0.0,3500.0,0.0,47001.0,255.0,0.0,231665.0
잠실,102630.0,102195.0,0.0,0.0,3350.0,0.0,67020.0,2350.0,0.0,277545.0
뚝섬,641610.0,162375.0,424.0,0.0,66282.0,0.0,117840.0,19536.0,143393.0,1151460.0
잠원,48215.0,0.0,30.0,0.0,1873.0,25040.0,33485.0,0.0,0.0,108643.0
반포,163863.0,59651.0,37.0,0.0,1128.0,0.0,30007.0,8748.0,106848.0,370282.0
이촌,69540.0,51710.0,340.0,0.0,1300.0,0.0,54310.0,3040.0,0.0,180240.0
여의도,176620.0,69120.0,1820.0,0.0,18280.0,0.0,39540.0,72850.0,324550.0,702780.0
양화,49868.0,31373.0,117.0,0.0,6287.0,0.0,11876.0,407.0,0.0,99928.0
난지,73261.0,48534.0,546.0,0.0,1412.0,13760.0,7137.0,2420.0,0.0,147070.0
망원,80463.0,65533.0,352.0,0.0,5900.0,0.0,39723.0,4175.0,0.0,196146.0
강서,62139.0,86820.0,485.0,0.0,958.0,0.0,33610.0,747.0,0.0,184759.0
광나루,109932.0,47172.0,57.0,0.0,541.0,5000.0,44155.0,290.0,0.0,207147.0
잠실,92315.0,90250.0,13.0,0.0,8030.0,0.0,62025.0,2105.0,0.0,254738.0
뚝섬,699344.0,155345.0,348.0,0.0,41280.0,4500.0,103080.0,16601.0,116437.0,1136935.0
잠원,18197.0,26252.0,0.0,0.0,0.0,0.0,31742.0,1576.0,0.0,77767.0
반포,218869.0,64401.0,24.0,0.0,1264.0,0.0,33717.0,10567.0,107341.0,436183.0
이촌,65250.0,51740.0,440.0,0.0,1550.0,2000.0,50750.0,3250.0,0.0,174980.0
여의도,130065.0,65325.0,1950.0,0.0,17655.0,550.0,32390.0,80905.0,279045.0,607885.0
양화,47533.0,29708.0,161.0,0.0,4158.0,0.0,10879.0,357.0,0.0,92796.0
난지,61974.0,40154.0,506.0,0.0,1232.0,14916.0,6468.0,1770.0,0.0,127020.0
망원,85822.0,66600.0,138.0,0.0,6556.0,0.0,40647.0,2875.0,0.0,202638.0
강서,60850.0,75130.0,320.0,0.0,971.0,0.0,36473.0,567.0,0.0,174311.0
광나루,132150.0,71644.0,400.0,0.0,976.0,7500.0,52416.0,339.0,0.0,265425.0
잠실,112615.0,118560.0,0.0,0.0,6530.0,0.0,69871.0,2503.0,0.0,310079.0
뚝섬,906310.0,305120.0,364.0,0.0,32817.0,2000.0,151245.0,21740.0,96872.0,1516468.0
잠원,51360.0,35400.0,30.0,0.0,0.0,0.0,49657.0,2089.0,0.0,138536.0
반포,254836.0,109816.0,20.0,0.0,4391.0,0.0,44328.0,17638.0,110445.0,541474.0
이촌,85410.0,70220.0,840.0,0.0,1520.0,0.0,65310.0,4110.0,0.0,227410.0
여의도,248550.0,143280.0,3964.0,0.0,33070.0,1500.0,52995.0,104650.0,594235.0,1182244.0
양화,88336.0,73815.0,109.0,0.0,7454.0,0.0,15359.0,388.0,0.0,185461.0
난지,87677.0,62788.0,543.0,0.0,1509.0,15695.0,9363.0,2730.0,0.0,180305.0
망원,68649.0,80104.0,129.0,0.0,9960.0,0.0,44428.0,4838.0,0.0,208108.0
강서,65720.0,99722.0,501.0,0.0,1390.0,300.0,43923.0,826.0,0.0,212382.0
광나루,148310.0,85142.0,218.0,0.0,1314.0,6000.0,64291.0,2858.0,0.0,308133.0
잠실,127185.0,131480.0,20.0,0.0,5000.0,0.0,72266.0,2889.0,0.0,338840.0
뚝섬,1305990.0,291210.0,408.0,0.0,30493.0,17145.0,166090.0,25206.0,144763.0,1981305.0
잠원,49722.0,36773.0,60.0,0.0,40.0,80.0,55976.0,3140.0,0.0,145791.0
반포,443949.0,134496.0,0.0,0.0,8268.0,0.0,37179.0,16842.0,142366.0,783100.0
이촌,79880.0,67910.0,550.0,0.0,1890.0,4750.0,62710.0,4760.0,0.0,222450.0
여의도,527486.0,190950.0,5450.0,0.0,50480.0,3856224.0,89570.0,120181.0,1220377.0,6060718.0
양화,111198.0,86306.0,124.0,0.0,12652.0,0.0,13271.0,573.0,0.0,224124.0
난지,107930.0,74297.0,640.0,0.0,11736.0,62415.0,17172.0,6040.0,0.0,280230.0
망원,96768.0,86925.0,190.0,0.0,13700.0,2380.0,54887.0,4639.0,0.0,259489.0
강서,64226.0,109797.0,339.0,0.0,1392.0,0.0,42597.0,909.0,0.0,219260.0
광나루,157480.0,93124.0,116.0,0.0,1464.0,900.0,70995.0,5551.0,0.0,329630.0
잠실,131925.0,144175.0,225.0,0.0,0.0,10360.0,83155.0,3403.0,0.0,373243.0
뚝섬,1495200.0,219880.0,655.0,0.0,27038.0,32600.0,191715.0,28901.0,194348.0,2190337.0
잠원,51085.0,38030.0,100.0,0.0,20.0,0.0,68255.0,2733.0,0.0,160223.0
반포,670229.0,193056.0,0.0,0.0,19814.0,0.0,55283.0,23082.0,165007.0,1126471.0
이촌,91020.0,79700.0,610.0,0.0,2860.0,1050.0,68670.0,5740.0,0.0,249650.0
여의도,768630.0,147130.0,10265.0,0.0,30470.0,28260.0,58100.0,133950.0,1070850.0,2247655.0
양화,81814.0,62963.0,129.0,0.0,5615.0,10.0,13317.0,488.0,0.0,164336.0
난지,136467.0,110118.0,836.0,0.0,5257.0,108475.0,15138.0,19129.0,0.0,395420.0
망원,98221.0,98677.0,229.0,0.0,20092.0,1400.0,65386.0,4722.0,0.0,288727.0
강서,78957.0,108177.0,822.0,0.0,1973.0,0.0,46133.0,1274.0,0.0,237336.0
광나루,165420.0,90669.0,310.0,0.0,793.0,1600.0,66355.0,5848.0,0.0,330995.0
잠실,171535.0,150175.0,325.0,0.0,0.0,500.0,96215.0,3873.0,0.0,422623.0
뚝섬,1172120.0,265075.0,988.0,0.0,16708.0,37100.0,184440.0,34214.0,158736.0,1869381.0
잠원,52559.0,34812.0,15.0,0.0,0.0,50.0,56535.0,2454.0,0.0,146425.0
반포,358849.0,137239.0,125.0,0.0,3446.0,0.0,43631.0,15259.0,159325.0,717874.0
이촌,89120.0,75520.0,365.0,0.0,2085.0,3000.0,67340.0,7525.0,0.0,244955.0
여의도,565510.0,154600.0,11870.0,0.0,40150.0,20650.0,167110.0,30364.0,1055095.0,2045349.0
양화,92703.0,91713.0,167.0,0.0,4591.0,2000.0,12378.0,932.0,0.0,204484.0
난지,136560.0,107630.0,985.0,0.0,2345.0,57640.0,15190.0,24310.0,0.0,344660.0
망원,83833.0,93637.0,414.0,0.0,14363.0,0.0,56731.0,3874.0,0.0,252852.0
강서,79470.0,108026.0,772.0,0.0,2209.0,0.0,48270.0,971.0,0.0,239718.0
광나루,143532.0,68584.0,20.0,0.0,1171.0,2900.0,56017.0,10405.0,0.0,282629.0
잠실,130451.0,142500.0,445.0,0.0,1795.0,0.0,87510.0,14263.0,0.0,376964.0
뚝섬,928910.0,302755.0,2182.0,0.0,18794.0,4498.0,156110.0,64814.0,192392.0,1670455.0
잠원,41565.0,35090.0,10.0,0.0,0.0,0.0,45662.0,10857.0,0.0,133184.0
반포,273053.0,90886.0,0.0,0.0,1551.0,0.0,34319.0,12331.0,126977.0,539117.0
이촌,95340.0,71370.0,579.0,0.0,1990.0,7000.0,62530.0,6244.0,0.0,245053.0
여의도,564895.0,148915.0,15693.0,0.0,54674.0,23150.0,86318.0,79420.0,715963.0,1689028.0
양화,84680.0,83292.0,245.0,0.0,3327.0,0.0,13966.0,2864.0,0.0,188374.0
난지,119955.0,88580.0,947.0,0.0,2375.0,43880.0,16603.0,27230.0,0.0,299570.0
망원,80684.0,86369.0,166.0,0.0,13856.0,250.0,53293.0,4328.0,0.0,238946.0
강서,79161.0,81974.0,406.0,0.0,2212.0,0.0,43091.0,826.0,0.0,207670.0
광나루,138430.0,79128.0,40.0,0.0,1130.0,2790.0,45872.0,17244.0,0.0,284634.0
잠실,170832.0,128148.0,2090.0,0.0,3400.0,6500.0,80381.0,26969.0,0.0,418320.0
뚝섬,1058880.0,357540.0,2411.0,0.0,12512.0,1500.0,219165.0,120976.0,224261.0,1997245.0
잠원,46220.0,36365.0,0.0,0.0,0.0,0.0,46927.0,18620.0,0.0,148132.0
반포,288806.0,118612.0,0.0,0.0,3388.0,0.0,33972.0,15621.0,135689.0,596088.0
이촌,99130.0,71430.0,475.0,0.0,2026.0,0.0,67690.0,7012.0,0.0,247763.0
여의도,857550.0,150412.0,27790.0,0.0,38555.0,37220.0,72777.0,164073.0,674971.0,2023348.0
양화,110874.0,105311.0,377.0,0.0,4509.0,0.0,16945.0,2008.0,0.0,240024.0
난지,127837.0,92557.0,613.0,0.0,2177.0,74920.0,15786.0,28680.0,0.0,342570.0
망원,70561.0,85977.0,305.0,0.0,14317.0,850.0,50157.0,5139.0,0.0,227306.0
강서,99376.0,95679.0,506.0,0.0,2186.0,0.0,50295.0,803.0,0.0,248845.0
광나루,128595.0,76199.0,14.0,0.0,990.0,2500.0,46105.0,2772.0,0.0,257175.0
잠실,137980.0,132375.0,1090.0,0.0,2230.0,0.0,65572.0,5249.0,0.0,344496.0
뚝섬,834720.0,361285.0,3252.0,0.0,12201.0,18700.0,357050.0,39898.0,194427.0,1821533.0
잠원,48735.0,39380.0,0.0,0.0,29.0,770.0,46053.0,1883.0,0.0,136850.0
반포,317588.0,110519.0,0.0,0.0,4015.0,0.0,36262.0,14358.0,112514.0,595256.0
이촌,97180.0,69325.0,420.0,0.0,1900.0,1300.0,59580.0,6592.0,0.0,236297.0
여의도,1137857.0,124181.0,10845.0,0.0,40342.0,5260.0,50219.0,41260.0,498531.0,1908495.0
양화,99731.0,97261.0,234.0,0.0,3491.0,0.0,20551.0,1284.0,0.0,222552.0
난지,111270.0,83540.0,630.0,0.0,2170.0,55780.0,13000.0,11550.0,0.0,277940.0
망원,60687.0,70238.0,122.0,0.0,14848.0,0.0,47016.0,3766.0,0.0,196677.0
강서,81811.0,89038.0,491.0,0.0,1864.0,0.0,45919.0,715.0,0.0,219838.0
광나루,136725.0,85412.0,308.0,0.0,979.0,2075.0,49488.0,2959.0,0.0,277946.0
잠실,211541.0,158836.0,1060.0,0.0,1750.0,70000.0,81656.0,8268.0,0.0,533111.0
뚝섬,929460.0,336090.0,1367.0,0.0,9999.0,21200.0,267130.0,41029.0,189862.0,1796137.0
잠원,62420.0,49940.0,0.0,0.0,25.0,4281.0,56195.0,1694.0,0.0,174555.0
반포,359135.0,123812.0,0.0,0.0,4895.0,0.0,43507.0,14241.0,126453.0,672043.0
이촌,372870.0,89635.0,740.0,0.0,1920.0,1930.0,80600.0,9323.0,0.0,557018.0
여의도,491440.0,78750.0,27635.0,0.0,57350.0,676700.0,85050.0,24500.0,429820.0,1871245.0
양화,123620.0,104884.0,274.0,0.0,2864.0,0.0,23691.0,2191.0,0.0,257524.0
난지,127605.0,104410.0,915.0,0.0,2585.0,53220.0,15340.0,18795.0,0.0,322870.0
망원,66427.0,70494.0,776.0,0.0,16025.0,6100.0,43878.0,7029.0,0.0,210729.0
강서,91791.0,95238.0,588.0,0.0,2200.0,1053.0,50128.0,938.0,0.0,241936.0
광나루,109720.0,54533.0,18.0,0.0,5020.0,205.0,42345.0,377.0,0.0,212218.0
잠실,119916.0,112682.0,469.0,0.0,795.0,0.0,54326.0,1501.0,0.0,289689.0
뚝섬,670150.0,227155.0,1704.0,0.0,10618.0,6900.0,230885.0,27545.0,135657.0,1310614.0
잠원,44875.0,35538.0,0.0,0.0,0.0,570.0,43262.0,870.0,0.0,125115.0
반포,201917.0,78228.0,0.0,0.0,2348.0,0.0,30181.0,9264.0,111494.0,433432.0
이촌,72880.0,53135.0,390.0,0.0,1040.0,3000.0,53060.0,3785.0,0.0,187290.0
여의도,84590.0,68830.0,26350.0,0.0,41300.0,4200.0,70700.0,23780.0,348700.0,668450.0
양화,65126.0,56400.0,228.0,0.0,1268.0,0.0,26054.0,1296.0,0.0,150372.0
난지,75210.0,65605.0,585.0,0.0,2080.0,26660.0,10300.0,10880.0,0.0,191320.0
망원,44048.0,46014.0,401.0,0.0,10002.0,5830.0,33868.0,4718.0,0.0,144881.0
강서,74753.0,69407.0,241.0,0.0,1480.0,500.0,34605.0,469.0,0.0,181455.0
광나루,106884.0,43189.0,0.0,0.0,496.0,1620.0,34216.0,255.0,0.0,186660.0
잠실,95705.0,78398.0,10.0,0.0,645.0,0.0,56487.0,823.0,0.0,232068.0
뚝섬,672650.0,209845.0,1678.0,0.0,11331.0,500.0,231725.0,29325.0,136076.0,1293130.0
잠원,40445.0,30105.0,0.0,0.0,0.0,15.0,35229.0,637.0,0.0,106431.0
반포,143545.0,52786.0,0.0,0.0,2479.0,0.0,25564.0,5403.0,90507.0,320284.0
이촌,71330.0,46370.0,185.0,0.0,1040.0,0.0,44310.0,2655.0,0.0,165890.0
여의도,78717.0,53922.0,9350.0,0.0,31326.0,1450.0,36111.0,21365.0,253168.0,485409.0
양화,59388.0,50060.0,256.0,0.0,816.0,0.0,31326.0,977.0,0.0,142823.0
난지,65563.0,50910.0,327.0,0.0,1840.0,15880.0,8945.0,2675.0,0.0,146140.0
망원,33332.0,33819.0,6.0,0.0,8949.0,0.0,23896.0,4433.0,0.0,104435.0
강서,69088.0,62957.0,209.0,0.0,1485.0,0.0,29430.0,323.0,0.0,163492.0
광나루,96260.0,33734.0,0.0,0.0,1641.0,1500.0,38378.0,356.0,0.0,171869.0
잠실,93020.0,82278.0,5.0,0.0,415.0,3000.0,51487.0,938.0,0.0,231143.0
뚝섬,787020.0,214035.0,1890.0,0.0,15759.0,200.0,334685.0,46695.0,283460.0,1683744.0
잠원,53320.0,34680.0,0.0,0.0,0.0,0.0,40223.0,687.0,0.0,128910.0
반포,101608.0,49237.0,0.0,0.0,5363.0,162.0,29235.0,2338.0,76636.0,264579.0
이촌,71990.0,52090.0,300.0,0.0,1480.0,0.0,53735.0,2684.0,0.0,182279.0
여의도,76617.0,49380.0,7850.0,0.0,28626.0,0.0,32811.0,21315.0,221526.0,438125.0
양화,65528.0,54405.0,244.0,0.0,5075.0,0.0,36751.0,1058.0,0.0,163061.0
난지,72015.0,36295.0,260.0,0.0,1870.0,0.0,13040.0,2340.0,16260.0,142080.0
망원,94443.0,87595.0,363.0,0.0,13566.0,0.0,53215.0,3670.0,0.0,252852.0
강서,83748.0,91104.0,318.0,0.0,3030.0,0.0,38190.0,574.0,0.0,216964.0
광나루,96968.0,35987.0,0.0,0.0,555.0,0.0,38125.0,234.0,0.0,171869.0
잠실,92725.0,77025.0,35.0,0.0,338.0,0.0,43430.0,404.0,0.0,213957.0
뚝섬,600160.0,188870.0,1949.0,0.0,8892.0,100.0,236020.0,23086.0,133303.0,1192380.0
잠원,57380.0,35820.0,0.0,0.0,90.0,0.0,47206.0,610.0,0.0,141106.0
반포,94905.0,50316.0,0.0,0.0,6165.0,54.0,32508.0,2537.0,71875.0,258360.0
이촌,56942.0,44620.0,135.0,0.0,1245.0,0.0,44078.0,2227.0,0.0,149247.0
여의도,59387.0,35050.0,7250.0,0.0,23376.0,0.0,20511.0,18765.0,178746.0,343085.0
양화,61804.0,49423.0,236.0,0.0,4982.0,46.0,35066.0,912.0,0.0,152469.0
난지,67025.0,30220.0,185.0,0.0,2595.0,0.0,11620.0,1695.0,15220.0,128560.0
망원,48739.0,32637.0,40.0,0.0,6730.0,0.0,25733.0,3132.0,0.0,117011.0
강서,69796.0,71316.0,139.0,0.0,2644.0,0.0,30176.0,621.0,0.0,174692.0
광나루,170010.0,84200.0,236.0,0.0,759.0,0.0,73271.0,246.0,0.0,328722.0
잠실,161175.0,138617.0,531.0,0.0,1759.0,0.0,65635.0,857.0,0.0,368574.0
뚝섬,819990.0,281185.0,3443.0,0.0,9670.0,0.0,278660.0,28498.0,149401.0,1570847.0
잠원,66020.0,54375.0,0.0,0.0,0.0,0.0,71888.0,1072.0,0.0,193355.0
반포,188288.0,115613.0,0.0,0.0,11712.0,0.0,61014.0,3875.0,98613.0,479115.0
이촌,109825.0,80810.0,245.0,0.0,2090.0,0.0,71695.0,4634.0,0.0,269299.0
여의도,183040.0,193300.0,4055.0,0.0,26360.0,0.0,21750.0,10810.0,340670.0,779985.0
양화,139458.0,107576.0,244.0,0.0,2253.0,0.0,34636.0,893.0,0.0,285060.0
난지,129545.0,52658.0,360.0,0.0,2295.0,0.0,21130.0,3822.0,23390.0,233200.0
망원,80376.0,58415.0,2.0,0.0,12417.0,0.0,41920.0,1285.0,0.0,194415.0
강서,100242.0,122764.0,341.0,0.0,4618.0,0.0,44573.0,1091.0,0.0,273629.0
광나루,209955.0,129185.0,839.0,0.0,1033.0,0.0,94947.0,384.0,0.0,436343.0
잠실,154595.0,169500.0,450.0,0.0,2115.0,0.0,63465.0,1102.0,0.0,391227.0
뚝섬,859210.0,325090.0,3506.0,0.0,8544.0,0.0,281475.0,47305.0,157444.0,1682574.0
잠원,73470.0,62920.0,0.0,0.0,0.0,0.0,88310.0,2984.0,0.0,227684.0
반포,218841.0,149865.0,0.0,0.0,18741.0,0.0,86155.0,5888.0,127524.0,607014.0
이촌,121090.0,95410.0,420.0,0.0,3340.0,0.0,82920.0,7505.0,0.0,310685.0
여의도,324100.0,165900.0,4640.0,0.0,17250.0,0.0,23090.0,11410.0,398210.0,944600.0
양화,244492.0,179322.0,495.0,0.0,2094.0,0.0,22128.0,481.0,0.0,449012.0
난지,143885.0,80120.0,362.0,0.0,2675.0,0.0,26090.0,4923.0,29010.0,287065.0
망원,89063.0,75708.0,26.0,0.0,9549.0,0.0,47436.0,2110.0,0.0,223892.0
강서,112453.0,138800.0,743.0,0.0,4238.0,0.0,59571.0,764.0,0.0,316569.0
광나루,198938.0,118309.0,448.0,0.0,1085.0,0.0,94472.0,352.0,0.0,413604.0
잠실,172776.0,180345.0,520.0,0.0,930.0,0.0,64800.0,1370.0,0.0,420741.0
뚝섬,857950.0,296390.0,2900.0,0.0,11327.0,0.0,296760.0,30207.0,177608.0,1673142.0
잠원,74160.0,66140.0,9.0,0.0,0.0,0.0,82727.0,1803.0,0.0,224839.0
반포,245996.0,146104.0,0.0,0.0,19504.0,0.0,90933.0,4986.0,131850.0,639373.0
이촌,112325.0,88832.0,140.0,0.0,2925.0,0.0,77849.0,8288.0,0.0,290359.0
여의도,514910.0,264000.0,2355.0,0.0,24850.0,0.0,30150.0,15160.0,545411.0,1396836.0
양화,268924.0,254592.0,513.0,0.0,2215.0,0.0,28335.0,558.0,0.0,555137.0
난지,166970.0,99575.0,367.0,0.0,2758.0,0.0,25485.0,11360.0,38380.0,344895.0
망원,131400.0,83762.0,16.0,0.0,3116.0,0.0,49363.0,1736.0,0.0,269393.0
강서,106848.0,137488.0,343.0,0.0,4305.0,0.0,53631.0,877.0,0.0,303492.0
광나루,191911.0,92700.0,209.0,0.0,622.0,0.0,76420.0,286.0,0.0,362148.0
잠실,190828.0,156275.0,810.0,0.0,1990.0,0.0,77560.0,1535.0,0.0,428998.0
뚝섬,505403.0,320265.0,3769.0,0.0,9386.0,0.0,309330.0,34032.0,181248.0,1363433.0
잠원,70650.0,61165.0,0.0,0.0,0.0,10.0,63385.0,1216.0,0.0,196426.0
반포,220637.0,144818.0,0.0,0.0,14779.0,0.0,75213.0,5528.0,114510.0,575485.0
이촌,95880.0,72090.0,160.0,0.0,2865.0,0.0,66560.0,6155.0,0.0,243710.0
여의도,486650.0,226550.0,1439.0,0.0,18370.0,0.0,27480.0,11980.0,413730.0,1186199.0
양화,236854.0,246109.0,237.0,0.0,2886.0,0.0,28493.0,521.0,0.0,515100.0
난지,152499.0,107193.0,413.0,0.0,2897.0,0.0,23681.0,9306.0,32002.0,327991.0
망원,106676.0,88891.0,95.0,0.0,4973.0,0.0,59518.0,1596.0,0.0,261749.0
강서,116090.0,144824.0,640.0,0.0,5640.0,0.0,56452.0,1236.0,0.0,324882.0
광나루,117100.0,68890.0,28.0,0.0,786.0,0.0,68697.0,178.0,0.0,255679.0
잠실,217200.0,174465.0,91.0,0.0,1994.0,0.0,48200.0,1288.0,0.0,443238.0
뚝섬,721131.0,353808.0,2463.0,0.0,8121.0,0.0,322075.0,33982.0,177348.0,1618928.0
잠원,71289.0,71900.0,0.0,0.0,0.0,0.0,56844.0,1312.0,0.0,201345.0
반포,173185.0,136131.0,0.0,0.0,11972.0,0.0,65235.0,7406.0,96897.0,490826.0
이촌,102278.0,79175.0,1591.0,0.0,3749.0,0.0,68966.0,5349.0,0.0,261108.0
여의도,467380.0,242700.0,1059.0,0.0,23240.0,0.0,30150.0,11450.0,369540.0,1145519.0
양화,148190.0,179936.0,231.0,0.0,2953.0,0.0,28647.0,631.0,0.0,360588.0
난지,140325.0,89685.0,200.0,0.0,2610.0,0.0,19030.0,950.0,27820.0,280620.0
망원,141099.0,112907.0,637.0,0.0,9591.0,0.0,34912.0,2418.0,0.0,301564.0
강서,136400.0,164209.0,687.0,0.0,6283.0,0.0,47663.0,1573.0,0.0,356815.0
광나루,63167.0,43640.0,270.0,0.0,339.0,0.0,32325.0,229.0,0.0,139970.0
잠실,121144.0,85090.0,14.0,0.0,435.0,0.0,10970.0,492.0,0.0,218145.0
뚝섬,424830.0,232520.0,2038.0,0.0,4436.0,0.0,240330.0,32608.0,105447.0,1042209.0
잠원,48395.0,44746.0,0.0,0.0,240.0,0.0,40849.0,560.0,0.0,134790.0
반포,62422.0,49980.0,9.0,0.0,6214.0,0.0,29706.0,3705.0,33534.0,185570.0
이촌,55273.0,40857.0,78.0,0.0,966.0,0.0,28970.0,1984.0,0.0,128128.0
여의도,278030.0,129277.0,520.0,0.0,10875.0,0.0,16962.0,8060.0,215347.0,659071.0
양화,73575.0,66123.0,54.0,0.0,1990.0,0.0,11763.0,312.0,0.0,153817.0
난지,79315.0,56115.0,70.0,0.0,1630.0,0.0,13255.0,950.0,20370.0,171705.0
망원,40267.0,32060.0,7.0,0.0,1183.0,0.0,17764.0,370.0,0.0,91651.0
강서,74191.0,83804.0,327.0,0.0,3285.0,0.0,28670.0,478.0,0.0,190755.0
광나루,140539.0,102100.0,375.0,0.0,1078.0,0.0,36382.0,49866.0,0.0,330340.0
잠실,200465.0,158843.0,385.0,0.0,875.0,0.0,3170.0,837.0,0.0,364575.0
뚝섬,600790.0,350920.0,1961.0,0.0,7071.0,0.0,339880.0,42795.0,175077.0,1518494.0
잠원,118415.0,95330.0,0.0,0.0,0.0,0.0,101490.0,1475.0,0.0,316710.0
반포,112653.0,107795.0,0.0,0.0,16072.0,0.0,62475.0,9641.0,53423.0,362059.0
이촌,44361.0,33915.0,25.0,0.0,1376.0,0.0,22278.0,2412.0,0.0,104367.0
여의도,260545.0,186920.0,1127.0,0.0,17980.0,0.0,45318.0,19502.0,308909.0,840301.0
양화,141301.0,135583.0,67.0,0.0,2188.0,0.0,24054.0,613.0,0.0,303806.0
난지,143037.0,88718.0,40.0,0.0,2361.0,0.0,19364.0,1240.0,28920.0,283680.0
망원,79820.0,64257.0,49.0,0.0,12992.0,0.0,41722.0,838.0,0.0,199678.0
강서,155671.0,183234.0,420.0,0.0,10534.0,0.0,61327.0,735.0,0.0,411921.0
광나루,129120.0,102620.0,789.0,0.0,1091.0,0.0,84610.0,286.0,0.0,318516.0
잠실,160819.0,123913.0,167.0,0.0,1269.0,0.0,12875.0,794.0,0.0,299837.0
뚝섬,603760.0,372928.0,1957.0,0.0,7236.0,0.0,344860.0,44371.0,176417.0,1551529.0
잠원,113777.0,77405.0,0.0,0.0,0.0,0.0,89369.0,2408.0,0.0,282959.0
반포,110807.0,117160.0,0.0,0.0,14828.0,0.0,60123.0,10119.0,58812.0,371849.0
이촌,45400.0,36657.0,881.0,0.0,2024.0,0.0,22790.0,3009.0,0.0,110761.0
여의도,156578.0,171267.0,2470.0,0.0,25088.0,0.0,65985.0,27539.0,385001.0,833928.0
양화,166860.0,148600.0,81.0,0.0,2544.0,0.0,31762.0,908.0,0.0,350755.0
난지,177340.0,100035.0,55.0,0.0,2550.0,0.0,24125.0,1130.0,40350.0,345585.0
망원,80498.0,67283.0,61.0,0.0,15720.0,0.0,45227.0,587.0,0.0,209376.0
강서,166645.0,215980.0,716.0,0.0,8323.0,0.0,82791.0,1480.0,0.0,475935.0
광나루,96430.0,77310.0,643.0,0.0,900.0,0.0,69725.0,196.0,0.0,245204.0
잠실,117840.0,90323.0,200.0,0.0,1183.0,0.0,12263.0,552.0,0.0,222361.0
뚝섬,489345.0,282910.0,1916.0,0.0,6141.0,0.0,281290.0,45844.0,218647.0,1326093.0
잠원,55025.0,50980.0,0.0,0.0,0.0,0.0,62713.0,1387.0,0.0,170105.0
반포,89997.0,86015.0,0.0,0.0,13070.0,0.0,46581.0,9285.0,51472.0,296420.0
이촌,51290.0,42290.0,421.0,0.0,1628.0,0.0,27120.0,2782.0,0.0,125531.0
여의도,97530.0,84689.0,2771.0,0.0,15235.0,0.0,46934.0,12434.0,244551.0,504144.0
양화,91758.0,67940.0,47.0,0.0,2120.0,0.0,23460.0,294.0,0.0,185619.0
난지,117645.0,72900.0,96.0,0.0,2130.0,0.0,15245.0,860.0,20688.0,229564.0
망원,47382.0,37808.0,9.0,0.0,13100.0,0.0,33503.0,470.0,0.0,132272.0
강서,129142.0,141210.0,463.0,0.0,4324.0,0.0,61208.0,7159.0,0.0,343506.0
광나루,98830.0,67075.0,80.0,0.0,279.0,0.0,43523.0,88.0,0.0,209875.0
잠실,116860.0,71384.0,385.0,0.0,1796.0,0.0,4985.0,297.0,0.0,195707.0
뚝섬,492930.0,283500.0,1379.0,0.0,5511.0,0.0,276610.0,50846.0,138246.0,1249022.0
잠원,54050.0,47690.0,12.0,0.0,0.0,0.0,60710.0,1137.0,0.0,163599.0
반포,73298.0,64375.0,0.0,0.0,12992.0,0.0,42190.0,10809.0,41768.0,245432.0
이촌,53455.0,35065.0,234.0,0.0,2042.0,0.0,22725.0,2533.0,0.0,116054.0
여의도,92590.0,79460.0,800.0,0.0,9070.0,0.0,42235.0,10970.0,211952.0,447077.0
양화,91484.0,62934.0,0.0,0.0,2769.0,0.0,15513.0,159.0,0.0,172859.0
난지,74592.0,43242.0,0.0,0.0,1985.0,0.0,19235.0,820.0,27169.0,167043.0
망원,46678.0,35234.0,1615.0,0.0,12185.0,0.0,34366.0,625.0,0.0,130703.0
강서,131500.0,139636.0,260.0,0.0,3970.0,0.0,54499.0,12106.0,0.0,341971.0
광나루,90480.0,37840.0,0.0,90.0,151.0,0.0,0.0,159.0,0.0,128720.0
잠실,149772.0,51024.0,46.0,60.0,2320.0,0.0,0.0,305.0,0.0,203527.0
뚝섬,484540.0,263205.0,192.0,240.0,5226.0,0.0,0.0,40637.0,136860.0,930900.0
잠원,57475.0,41070.0,6.0,225.0,0.0,0.0,0.0,7095.0,0.0,105871.0
반포,56499.0,31530.0,0.0,187.0,8543.0,0.0,0.0,6516.0,37162.0,140437.0
이촌,47895.0,33770.0,129.0,55.0,1991.0,0.0,0.0,1594.0,0.0,85434.0
여의도,83355.0,56920.0,1195.0,385.0,10925.0,0.0,0.0,8565.0,170570.0,331915.0
양화,108808.0,74026.0,4.0,175.0,2127.0,0.0,0.0,116.0,0.0,185256.0
난지,76765.0,42662.0,0.0,64.0,2147.0,0.0,0.0,760.0,26620.0,149018.0
망원,49640.0,29627.0,0.0,153.0,15327.0,0.0,0.0,129.0,0.0,94876.0
강서,119077.0,118963.0,161.0,134.0,3346.0,0.0,0.0,10220.0,0.0,251901.0
광나루,88485.0,52650.0,0.0,125.0,131.0,0.0,0.0,18.0,0.0,141409.0
잠실,140233.0,86013.0,236.0,145.0,2686.0,0.0,0.0,755.0,0.0,230068.0
뚝섬,495343.0,259622.0,1030.0,277.0,4680.0,0.0,0.0,35863.0,118843.0,915658.0
잠원,71520.0,47510.0,0.0,210.0,0.0,0.0,55635.0,6791.0,0.0,181666.0
반포,64390.0,46541.0,0.0,235.0,14498.0,0.0,0.0,10537.0,43197.0,179398.0
이촌,73032.0,50080.0,491.0,108.0,2022.0,0.0,23310.0,2016.0,0.0,151059.0
여의도,104631.0,105772.0,1545.0,520.0,20545.0,0.0,0.0,6443.0,215940.0,455396.0
양화,111207.0,65188.0,2.0,258.0,2260.0,0.0,0.0,212.0,0.0,179127.0
난지,76910.0,60890.0,77.0,115.0,3196.0,0.0,0.0,862.0,37790.0,179840.0
망원,62974.0,50023.0,0.0,210.0,22680.0,0.0,0.0,236.0,0.0,136123.0
강서,131130.0,127288.0,194.0,150.0,3976.0,0.0,0.0,14120.0,0.0,276858.0
광나루,99874.0,71720.0,0.0,196.0,175.0,0.0,0.0,36.0,0.0,172001.0
잠실,231222.0,157524.0,543.0,282.0,2647.0,0.0,4406.0,1895.0,0.0,398519.0
뚝섬,612506.0,338415.0,905.0,384.0,5658.0,0.0,0.0,46036.0,139373.0,1143277.0
잠원,90503.0,68640.0,0.0,367.0,0.0,0.0,63530.0,8170.0,0.0,231210.0
반포,70239.0,52115.0,0.0,381.0,16821.0,0.0,0.0,12358.0,43692.0,195606.0
이촌,82338.0,55320.0,757.0,242.0,3329.0,0.0,0.0,2520.0,0.0,144506.0
여의도,243361.0,139039.0,830.0,988.0,29642.0,0.0,0.0,10620.0,383037.0,807517.0
양화,134733.0,93249.0,9.0,450.0,2578.0,0.0,0.0,350.0,0.0,231369.0
난지,79372.0,73068.0,50.0,235.0,394.0,0.0,0.0,737.0,46497.0,200353.0
망원,94921.0,81220.0,3030.0,417.0,34500.0,0.0,0.0,406.0,0.0,214494.0
강서,194744.0,194430.0,558.0,351.0,6286.0,0.0,0.0,31112.0,0.0,427481.0
광나루,98835.0,68790.0,0.0,583.0,151.0,0.0,0.0,58.0,0.0,168417.0
잠실,242244.0,173244.0,721.0,944.0,2594.0,0.0,0.0,1837.0,0.0,421584.0
뚝섬,657670.0,380460.0,3539.0,622.0,7139.0,0.0,0.0,53051.0,160386.0,1262867.0
잠원,124090.0,88030.0,25.0,754.0,26.0,0.0,0.0,0.0,0.0,212925.0
반포,91247.0,69460.0,0.0,10008.0,22368.0,0.0,0.0,15029.0,56224.0,264336.0
이촌,75845.0,51560.0,1040.0,1195.0,4006.0,0.0,0.0,0.0,0.0,133646.0
여의도,447310.0,262154.0,1515.0,3856.0,29130.0,0.0,53824.0,16666.0,720017.0,1534472.0
양화,159365.0,130068.0,6.0,2348.0,3296.0,0.0,0.0,369.0,0.0,295452.0
난지,80885.0,90471.0,2.0,269.0,883.0,0.0,0.0,6296.0,58523.0,237329.0
망원,101431.0,78198.0,2578.0,11400.0,28340.0,0.0,0.0,184.0,0.0,222131.0
강서,156066.0,167552.0,436.0,514.0,5232.0,0.0,0.0,30452.0,0.0,360252.0
광나루,123010.0,76185.0,1.0,765.0,162.0,0.0,0.0,46.0,0.0,200169.0
잠실,275226.0,200187.0,865.0,3245.0,1819.0,0.0,0.0,2490.0,0.0,483832.0
뚝섬,664025.0,359520.0,3904.0,600.0,6258.0,0.0,0.0,49694.0,158546.0,1242547.0
잠원,128150.0,93170.0,0.0,1357.0,65.0,0.0,81590.0,13390.0,0.0,317722.0
반포,110792.0,71320.0,0.0,14572.0,21106.0,0.0,0.0,15450.0,67158.0,300398.0
이촌,92294.0,59129.0,1787.0,2489.0,5053.0,0.0,0.0,0.0,0.0,160752.0
여의도,560090.0,272415.0,1140.0,4387.0,60357.0,0.0,0.0,19733.0,734538.0,1652660.0
양화,160085.0,117301.0,11.0,3195.0,2595.0,0.0,0.0,504.0,0.0,283691.0
난지,85133.0,78907.0,39.0,636.0,811.0,0.0,36713.0,7619.0,51807.0,261665.0
망원,100360.0,75412.0,176.0,6715.0,34897.0,0.0,0.0,209.0,0.0,217769.0
강서,106538.0,120890.0,292.0,754.0,3406.0,0.0,0.0,19694.0,0.0,251574.0
광나루,101610.0,69395.0,80.0,788.0,256.0,0.0,60837.0,116.0,0.0,233082.0
잠실,315585.0,225253.0,561.0,1938.0,1644.0,0.0,29227.0,1828.0,0.0,576036.0
뚝섬,546470.0,406920.0,3408.0,921.0,4706.0,0.0,396405.0,59206.0,158480.0,1576516.0
잠원,141020.0,88210.0,0.0,1072.0,0.0,0.0,97840.0,13838.0,0.0,341980.0
반포,116725.0,74340.0,0.0,10911.0,22745.0,0.0,56421.0,15240.0,65248.0,361630.0
이촌,86529.0,56640.0,2064.0,2575.0,4130.0,0.0,27150.0,3604.0,0.0,182692.0
여의도,556253.0,299650.0,1270.0,2782.0,55652.0,0.0,46211.0,19676.0,577125.0,1558619.0
양화,0.0,217024.0,47.0,3108.0,3581.0,0.0,26201.0,329.0,0.0,250290.0
난지,82615.0,84130.0,0.0,624.0,971.0,0.0,40708.0,0.0,46372.0,255420.0
망원,96187.0,80153.0,2.0,6012.0,29941.0,0.0,58147.0,1618.0,0.0,272060.0
강서,120285.0,134135.0,587.0,843.0,3823.0,0.0,42362.0,19502.0,0.0,321537.0
광나루,126490.0,90999.0,150.0,836.0,43.0,0.0,50825.0,9291.0,0.0,278634.0
잠실,228006.0,171572.0,4065.0,1610.0,1766.0,0.0,16217.0,2120.0,0.0,425356.0
뚝섬,536270.0,339820.0,3918.0,887.0,4201.0,0.0,236934.0,52766.0,139787.0,1314583.0
잠원,222920.0,198840.0,0.0,4275.0,0.0,0.0,143215.0,19115.0,0.0,588365.0
반포,103704.0,69417.0,0.0,3849.0,11517.0,0.0,18336.0,7138.0,61136.0,275097.0
이촌,101316.0,70790.0,1522.0,1880.0,2765.0,0.0,13225.0,3352.0,0.0,194850.0
여의도,844510.0,123390.0,584.0,1372.0,16730.0,0.0,26580.0,8378.0,223210.0,1244754.0
양화,199249.0,151297.0,0.0,2394.0,1405.0,0.0,22783.0,107.0,0.0,377235.0
난지,64851.0,70426.0,1.0,448.0,541.0,0.0,17014.0,7035.0,69019.0,229335.0
망원,78176.0,64811.0,1.0,7055.0,17837.0,0.0,36823.0,2071.0,0.0,206774.0
강서,111034.0,122588.0,433.0,1438.0,4539.0,0.0,19857.0,11928.0,0.0,271817.0
광나루,122540.0,111555.0,40.0,899.0,86.0,0.0,38470.0,199.0,0.0,273789.0
잠실,266692.0,204077.0,82.0,1392.0,1468.0,0.0,3158.0,1211.0,0.0,478080.0
뚝섬,767950.0,260244.0,2817.0,1023.0,3183.0,0.0,142990.0,23305.0,95912.0,1297424.0
잠원,259310.0,263090.0,0.0,5343.0,380.0,0.0,164340.0,17283.0,0.0,709746.0
반포,134126.0,98802.0,0.0,3976.0,10505.0,0.0,5361.0,4410.0,127489.0,384669.0
이촌,78390.0,67820.0,1655.0,1382.0,3251.0,0.0,14890.0,14174.0,0.0,181562.0
여의도,754246.0,121203.0,1610.0,25.0,5984.0,0.0,12529.0,7712.0,262850.0,1166159.0
양화,172437.0,142528.0,0.0,2617.0,1676.0,0.0,19146.0,23.0,0.0,338427.0
난지,58103.0,66759.0,0.0,378.0,510.0,0.0,1812.0,8053.0,65455.0,201070.0
망원,83694.0,75075.0,0.0,7251.0,13076.0,0.0,43057.0,3125.0,0.0,225278.0
강서,121106.0,146391.0,273.0,2591.0,7962.0,0.0,7124.0,10131.0,0.0,295578.0
광나루,166130.0,131820.0,0.0,969.0,43.0,0.0,41130.0,280.0,0.0,340372.0
잠실,295952.0,237730.0,95.0,1344.0,1187.0,0.0,10788.0,882.0,0.0,547978.0
뚝섬,450290.0,262205.0,649.0,3058.0,3553.0,0.0,179287.0,31089.0,44827.0,974958.0
잠원,289615.0,247590.0,0.0,3909.0,0.0,0.0,183355.0,17859.0,0.0,742328.0
반포,160630.0,114288.0,0.0,7245.0,19180.0,0.0,10192.0,5382.0,108900.0,425817.0
이촌,77400.0,65275.0,1656.0,1583.0,3025.0,0.0,17150.0,17987.0,0.0,184076.0
여의도,82859.0,67795.0,2390.0,30.0,9094.0,0.0,26537.0,14418.0,248685.0,451808.0
양화,251049.0,268647.0,0.0,6575.0,1840.0,0.0,21074.0,55.0,0.0,549240.0
난지,75590.0,85376.0,0.0,454.0,421.0,0.0,3281.0,12329.0,72065.0,249516.0
망원,89589.0,76399.0,0.0,7389.0,17921.0,0.0,54981.0,4481.0,0.0,250760.0
강서,127018.0,146784.0,265.0,2542.0,5645.0,0.0,17297.0,11425.0,0.0,310976.0
광나루,147190.0,119955.0,0.0,664.0,98.0,0.0,52540.0,122.0,0.0,320569.0
잠실,208499.0,239962.0,115.0,1543.0,1518.0,0.0,4950.0,637.0,0.0,457224.0
뚝섬,458430.0,265405.0,743.0,3852.0,4015.0,0.0,212865.0,25392.0,100000.0,1070702.0
잠원,247380.0,225510.0,0.0,2712.0,0.0,0.0,175100.0,17817.0,0.0,668519.0
반포,103992.0,109193.0,0.0,6666.0,18246.0,0.0,8080.0,4677.0,78465.0,329319.0
이촌,67615.0,58530.0,1113.0,1225.0,2059.0,0.0,15170.0,15454.0,0.0,161166.0
여의도,107346.0,94324.0,1980.0,40.0,13392.0,0.0,43929.0,17349.0,391688.0,670048.0
양화,206272.0,154288.0,0.0,3303.0,1634.0,0.0,0.0,240.0,0.0,365737.0
난지,60963.0,61238.0,25.0,620.0,436.0,0.0,3747.0,14034.0,62438.0,203501.0
망원,82901.0,66568.0,0.0,7728.0,17319.0,0.0,50236.0,4796.0,0.0,229548.0
강서,114233.0,135896.0,275.0,1957.0,4303.0,0.0,27696.0,14403.0,0.0,298763.0
광나루,123260.0,107840.0,0.0,905.0,225.0,0.0,59330.0,51.0,0.0,291611.0
잠실,153778.0,102095.0,67.0,1384.0,1724.0,465.0,5113.0,987.0,0.0,265613.0
뚝섬,405250.0,254830.0,896.0,2924.0,3925.0,0.0,205320.0,19137.0,95878.0,988160.0
잠원,205800.0,188060.0,0.0,2287.0,0.0,0.0,137305.0,24119.0,0.0,557571.0
반포,86436.0,80836.0,0.0,4714.0,15840.0,0.0,11159.0,3141.0,55296.0,257422.0
이촌,58070.0,48460.0,834.0,872.0,5706.0,0.0,14885.0,15495.0,0.0,144322.0
여의도,112626.0,87340.0,2340.0,22.0,13151.0,0.0,36066.0,13139.0,359096.0,623780.0
양화,130100.0,93492.0,0.0,2184.0,863.0,0.0,20525.0,95.0,0.0,247259.0
난지,43047.0,44846.0,0.0,438.0,605.0,30.0,6099.0,11407.0,46179.0,152651.0
망원,65082.0,52369.0,0.0,5318.0,12978.0,0.0,45759.0,3688.0,0.0,185194.0
강서,104524.0,132829.0,128.0,1768.0,10222.0,200.0,23703.0,11487.0,0.0,284861.0
광나루,95660.0,65605.0,0.0,587.0,26.0,0.0,34952.0,26.0,0.0,196856.0
잠실,145160.0,84341.0,64.0,988.0,1367.0,0.0,7140.0,965.0,0.0,240025.0
뚝섬,309720.0,173905.0,536.0,2477.0,3978.0,0.0,176225.0,6373.0,87366.0,760580.0
잠원,57700.0,41070.0,6.0,0.0,0.0,0.0,52770.0,7095.0,0.0,158641.0
반포,88449.0,64000.0,0.0,3927.0,11789.0,0.0,12812.0,2831.0,97294.0,281102.0
이촌,58070.0,48460.0,834.0,872.0,5706.0,0.0,14885.0,15495.0,0.0,144322.0
여의도,140358.0,76694.0,270.0,3.0,12929.0,0.0,31815.0,8146.0,447809.0,718024.0
양화,0.0,48818.0,0.0,1677.0,836.0,0.0,15384.0,5.0,0.0,66720.0
난지,28939.0,29128.0,0.0,313.0,347.0,0.0,3615.0,8663.0,41805.0,112810.0
망원,54888.0,42266.0,0.0,4338.0,14550.0,0.0,41620.0,3613.0,0.0,161275.0
강서,61567.0,62226.0,28.0,1235.0,2825.0,0.0,12415.0,7282.0,0.0,147578.0
광나루,102305.0,51020.0,0.0,483.0,28.0,0.0,33471.0,48.0,0.0,187355.0
잠실,175470.0,91519.0,24.0,779.0,2183.0,0.0,8091.0,1246.0,0.0,279312.0
뚝섬,277440.0,145510.0,281.0,2547.0,13445.0,0.0,122900.0,1718.0,118643.0,682484.0
잠원,204530.0,166205.0,0.0,2544.0,1919.0,0.0,139515.0,13395.0,0.0,528108.0
반포,117205.0,65700.0,0.0,1260.0,3175.0,0.0,37860.0,2812.0,45925.0,273937.0
이촌,66539.0,32380.0,137.0,393.0,2200.0,0.0,16321.0,823.0,0.0,118793.0
여의도,64021.0,24451.0,219.0,0.0,607.0,0.0,15140.0,2552.0,125364.0,232354.0
양화,67868.0,51911.0,0.0,0.0,1818.0,0.0,18192.0,0.0,0.0,139789.0
난지,21768.0,27608.0,2.0,259.0,336.0,0.0,3096.0,6506.0,38507.0,98082.0
망원,85396.0,72890.0,0.0,3523.0,11097.0,0.0,45729.0,3590.0,0.0,222225.0
강서,35040.0,30723.0,12.0,798.0,2745.0,0.0,5922.0,3447.0,0.0,78687.0
광나루,103815.0,51115.0,0.0,509.0,4.0,0.0,40621.0,0.0,0.0,196064.0
잠실,159598.0,80238.0,0.0,819.0,2209.0,0.0,12171.0,964.0,0.0,255999.0
뚝섬,348980.0,150770.0,586.0,3970.0,6600.0,0.0,105450.0,1751.0,141240.0,759347.0
잠원,148730.0,123810.0,0.0,1696.0,0.0,0.0,147625.0,17644.0,0.0,439505.0
반포,148478.0,99453.0,0.0,1546.0,2832.0,0.0,76512.0,3451.0,28913.0,361185.0
이촌,52045.0,36830.0,167.0,484.0,1754.0,0.0,12613.0,16067.0,0.0,119960.0
여의도,40677.0,12123.0,446.0,0.0,1266.0,0.0,10856.0,985.0,111703.0,178056.0
양화,59375.0,45855.0,0.0,1959.0,2216.0,0.0,20366.0,0.0,0.0,129771.0
난지,19869.0,23722.0,2.0,237.0,859.0,0.0,3389.0,6298.0,37426.0,91802.0
망원,77854.0,63823.0,6.0,3842.0,8775.0,0.0,41658.0,2660.0,0.0,198618.0
강서,22253.0,20724.0,0.0,546.0,1667.0,0.0,4134.0,2905.0,0.0,52229.0
광나루,95620.0,62190.0,5.0,464.0,0.0,0.0,50738.0,0.0,0.0,209017.0
잠실,173380.0,96191.0,30.0,1107.0,2354.0,0.0,16231.0,955.0,0.0,290248.0
뚝섬,371220.0,150160.0,347.0,3251.0,3224.0,0.0,101475.0,1817.0,153721.0,785215.0
잠원,174710.0,158430.0,0.0,2125.0,0.0,0.0,135375.0,20769.0,0.0,491409.0
반포,180345.0,130090.0,0.0,1849.0,2684.0,0.0,93484.0,4278.0,23280.0,436010.0
이촌,86480.0,47105.0,445.0,735.0,2201.0,0.0,16085.0,12488.0,0.0,165539.0
여의도,59337.0,21135.0,1007.0,0.0,8353.0,0.0,15352.0,1659.0,146400.0,253243.0
양화,72598.0,62821.0,0.0,2508.0,3272.0,0.0,25334.0,0.0,0.0,166533.0
난지,37850.0,35627.0,6.0,204.0,1509.0,0.0,6304.0,11460.0,51398.0,144358.0
망원,112766.0,89483.0,111.0,3653.0,12644.0,0.0,56964.0,4853.0,0.0,280474.0
강서,32583.0,37782.0,0.0,712.0,5035.0,0.0,5322.0,3123.0,0.0,84557.0
광나루,145390.0,112050.0,4.0,383.0,174.0,0.0,101789.0,4.0,0.0,359794.0
잠실,210333.0,149930.0,166.0,1607.0,2765.0,39.0,21361.0,1299.0,0.0,387500.0
뚝섬,533170.0,202430.0,723.0,4747.0,1145.0,0.0,121965.0,4752.0,165607.0,1034539.0
잠원,229290.0,126420.0,760.0,3255.0,18370.0,5610.0,112855.0,132903.0,0.0,629463.0
반포,232341.0,196689.0,0.0,2034.0,1890.0,0.0,122742.0,5399.0,122540.0,683635.0
이촌,88833.0,47567.0,1715.0,1340.0,2931.0,0.0,23315.0,19408.0,0.0,185109.0
여의도,923365.0,65870.0,4841.0,0.0,27202.0,0.0,37924.0,11103.0,712881.0,1783186.0
양화,183107.0,122759.0,0.0,2262.0,1319.0,0.0,21753.0,107.0,0.0,331307.0
난지,53947.0,57923.0,38.0,177.0,2884.0,1.0,11448.0,17349.0,63988.0,207755.0
망원,144538.0,117516.0,565.0,4419.0,12545.0,0.0,61834.0,5760.0,0.0,347177.0
강서,33375.0,41879.0,71.0,468.0,2901.0,0.0,4971.0,3480.0,0.0,87145.0
광나루,155916.0,114905.0,0.0,678.0,0.0,0.0,136125.0,146.0,0.0,407770.0
잠실,237645.0,152017.0,838.0,3789.0,5580.0,0.0,33627.0,2318.0,0.0,435814.0
뚝섬,604180.0,148370.0,1441.0,4151.0,1032.0,0.0,78690.0,7536.0,86527.0,931927.0
잠원,377066.0,166495.0,1980.0,0.0,11856.0,470.0,188953.0,87474.0,0.0,834294.0
반포,269640.0,211875.0,0.0,4328.0,330.0,0.0,169170.0,9954.0,156320.0,821617.0
이촌,145307.0,85883.0,2005.0,1661.0,3630.0,0.0,22117.0,53423.0,0.0,314026.0
여의도,653373.0,60720.0,3186.0,0.0,26435.0,0.0,23046.0,4545.0,507364.0,1278669.0
양화,0.0,85870.0,0.0,3316.0,1585.0,0.0,24575.0,336.0,0.0,115682.0
난지,57455.0,61284.0,206.0,308.0,2184.0,38100.0,21192.0,21297.0,66925.0,268951.0
망원,148893.0,77788.0,72.0,3727.0,12129.0,15.0,51792.0,3157.0,0.0,297573.0
강서,45159.0,56885.0,234.0,752.0,1287.0,0.0,10282.0,3227.0,0.0,117826.0
광나루,136657.0,89160.0,110.0,707.0,0.0,0.0,128552.0,19476.0,0.0,374662.0
잠실,178295.0,141195.0,1182.0,4759.0,6063.0,0.0,27261.0,1965.0,0.0,360720.0
뚝섬,545750.0,166730.0,3778.0,6098.0,9075.0,0.0,107095.0,15060.0,126480.0,980066.0
잠원,127550.0,114620.0,2366.0,0.0,12413.0,1420.0,177359.0,55084.0,0.0,490812.0
반포,182867.0,139800.0,0.0,3348.0,0.0,0.0,96255.0,6980.0,47090.0,476340.0
이촌,111627.0,90163.0,2924.0,2191.0,4579.0,3482.0,29721.0,37416.0,0.0,282103.0
여의도,333955.0,37215.0,2097.0,0.0,18211.0,0.0,15967.0,3823.0,328302.0,739570.0
양화,195646.0,78077.0,0.0,5856.0,2117.0,0.0,61126.0,512.0,0.0,343334.0
난지,38549.0,41399.0,995.0,549.0,1776.0,0.0,17088.0,14271.0,54535.0,169162.0
망원,82175.0,45351.0,51.0,2046.0,6174.0,10.0,25289.0,1409.0,0.0,162505.0
강서,53501.0,127463.0,139.0,1493.0,7401.0,0.0,25945.0,17180.0,0.0,233122.0
광나루,144700.0,73550.0,506.0,696.0,0.0,0.0,81530.0,47767.0,0.0,348749.0
잠실,190690.0,140655.0,1344.0,5092.0,4760.0,0.0,26495.0,2011.0,0.0,371047.0
뚝섬,422510.0,101810.0,3274.0,5040.0,8670.0,120.0,131580.0,33346.0,86332.0,792682.0
잠원,119505.0,77420.0,3609.0,0.0,11535.0,200.0,60520.0,140883.0,0.0,413672.0
반포,97690.0,49125.0,0.0,2034.0,16600.0,0.0,40097.0,4494.0,45620.0,255660.0
이촌,102538.0,82870.0,2465.0,942.0,3988.0,8900.0,31146.0,37516.0,0.0,270365.0
여의도,132590.0,27884.0,0.0,0.0,13503.0,0.0,13845.0,14280.0,187053.0,389155.0
양화,184190.0,70163.0,200.0,5631.0,2720.0,0.0,70834.0,11120.0,0.0,344858.0
난지,46436.0,48334.0,1028.0,514.0,2830.0,0.0,20024.0,12116.0,81661.0,212943.0
망원,78660.0,46521.0,4.0,817.0,3675.0,5.0,21460.0,863.0,0.0,152005.0
강서,51218.0,154823.0,399.0,829.0,8300.0,0.0,18550.0,6676.0,0.0,240795.0
광나루,91820.0,40815.0,106.0,522.0,0.0,0.0,54725.0,35481.0,0.0,223469.0
잠실,168420.0,94708.0,1726.0,3865.0,3437.0,0.0,27767.0,1485.0,0.0,301408.0
뚝섬,357575.0,91506.0,2195.0,3202.0,9175.0,0.0,104165.0,24912.0,54542.0,647272.0
잠원,87186.0,49543.0,2902.0,0.0,10141.0,0.0,49970.0,96545.0,0.0,296287.0
반포,114625.0,35350.0,0.0,951.0,0.0,9500.0,22270.0,3081.0,14000.0,199777.0
이촌,101233.0,62726.0,3655.0,1126.0,3572.0,400.0,35137.0,34052.0,0.0,241901.0
여의도,106245.0,21550.0,0.0,0.0,7641.0,0.0,11503.0,10388.0,157055.0,314382.0
양화,154899.0,69855.0,670.0,3750.0,2530.0,0.0,63615.0,5785.0,0.0,301104.0
난지,59911.0,48486.0,934.0,653.0,3818.0,40069.0,16767.0,10979.0,68402.0,250019.0
망원,78725.0,49958.0,32.0,220.0,3559.0,0.0,21414.0,1013.0,0.0,154921.0
강서,36497.0,137589.0,284.0,486.0,5463.0,0.0,18389.0,3190.0,0.0,201898.0
광나루,117655.0,47740.0,112.0,319.0,0.0,0.0,60644.0,40.0,0.0,226510.0
잠실,143315.0,69737.0,1814.0,2423.0,2502.0,0.0,21719.0,1142.0,0.0,242652.0
뚝섬,521400.0,107295.0,2103.0,3205.0,8870.0,3500.0,140460.0,10521.0,81409.0,878763.0
잠원,110437.0,61450.0,2610.0,0.0,9135.0,3540.0,70790.0,101201.0,0.0,359163.0
반포,422790.0,56375.0,0.0,3128.0,0.0,0.0,31545.0,8190.0,54060.0,576088.0
이촌,119996.0,79933.0,3330.0,1222.0,4825.0,1777.0,50941.0,38780.0,0.0,300804.0
여의도,299160.0,27385.0,800.0,0.0,27815.0,0.0,10819.0,3274.0,202520.0,571773.0
양화,224307.0,62440.0,2070.0,5320.0,2530.0,0.0,87015.0,415.0,0.0,384097.0
난지,57297.0,45071.0,878.0,795.0,3305.0,53063.0,15200.0,15200.0,52567.0,243376.0
망원,131252.0,88137.0,329.0,2328.0,9216.0,0.0,51068.0,2380.0,0.0,284710.0
강서,49356.0,198328.0,558.0,1135.0,8219.0,130.0,18659.0,4966.0,0.0,281351.0
광나루,102260.0,53875.0,172.0,348.0,0.0,0.0,62350.0,118.0,0.0,219123.0
잠실,152797.0,178730.0,308.0,2083.0,10475.0,1.0,23287.0,1669.0,0.0,369350.0
뚝섬,472280.0,122565.0,2218.0,3395.0,14525.0,4400.0,160110.0,12360.0,87310.0,879163.0
잠원,96437.0,55730.0,2898.0,0.0,14815.0,8320.0,67540.0,90286.0,0.0,336026.0
반포,112190.0,69285.0,0.0,1093.0,0.0,0.0,17274.0,5738.0,31490.0,237070.0
이촌,316652.0,80114.0,3045.0,1527.0,2936.0,0.0,50911.0,71461.0,0.0,526646.0
여의도,1008895.0,26635.0,1035.0,0.0,17335.0,4200.0,14067.0,16351.0,842298.0,1930816.0
양화,504030.0,86000.0,2090.0,5500.0,2710.0,0.0,103363.0,935.0,0.0,704628.0
난지,44804.0,37176.0,858.0,746.0,8232.0,19050.0,14842.0,16982.0,48299.0,190989.0
망원,134835.0,88110.0,417.0,2243.0,14731.0,17.0,48517.0,2108.0,0.0,290978.0
강서,62795.0,238453.0,780.0,1628.0,12909.0,0.0,20667.0,12491.0,0.0,349723.0
광나루,67370.0,40185.0,260.0,395.0,0.0,400.0,38435.0,4767.0,0.0,151812.0
잠실,97240.0,143045.0,316.0,2300.0,13418.0,0.0,20583.0,1552.0,0.0,278454.0
뚝섬,382200.0,102995.0,2706.0,2645.0,12725.0,3500.0,139800.0,9415.0,71689.0,727675.0
잠원,55555.0,38657.0,2571.0,0.0,10670.0,5100.0,95094.0,36075.0,0.0,243722.0
반포,42264.0,33150.0,0.0,923.0,80.0,0.0,14300.0,2650.0,13241.0,106608.0
이촌,99185.0,56060.0,2879.0,1392.0,2414.0,500.0,44116.0,27508.0,0.0,234054.0
여의도,84140.0,23075.0,410.0,0.0,12685.0,0.0,13118.0,2785.0,143839.0,280052.0
양화,142850.0,45900.0,1890.0,5180.0,2700.0,0.0,63000.0,290.0,0.0,261810.0
난지,36040.0,35023.0,823.0,530.0,3262.0,300.0,15009.0,12879.0,36228.0,140094.0
망원,103395.0,81483.0,648.0,2987.0,11431.0,2.0,40831.0,1304.0,0.0,242081.0
강서,33911.0,133901.0,473.0,1027.0,8109.0,130.0,21381.0,10873.0,0.0,209805.0
광나루,33032.0,16303.0,34.0,105.0,0.0,90.0,16932.0,1099.0,0.0,67595.0
잠실,57130.0,51255.0,22.0,1049.0,4219.0,0.0,15017.0,900.0,0.0,129592.0
뚝섬,270588.0,45734.0,1278.0,1464.0,7355.0,1026.0,100010.0,11598.0,47168.0,486221.0
잠원,30039.0,14315.0,504.0,0.0,5583.0,1300.0,44390.0,28704.0,0.0,124835.0
반포,19216.0,13200.0,0.0,448.0,0.0,0.0,7317.0,1923.0,5835.0,47939.0
이촌,78293.0,37152.0,1758.0,1171.0,1611.0,500.0,37279.0,23201.0,0.0,180965.0
여의도,29859.0,9770.0,130.0,0.0,5446.0,1000.0,8281.0,1659.0,63336.0,119481.0
양화,101900.0,24600.0,325.0,2000.0,1680.0,0.0,39200.0,230.0,0.0,169935.0
난지,20732.0,15365.0,376.0,395.0,1512.0,3.0,5960.0,5881.0,20267.0,70491.0
망원,64309.0,29945.0,164.0,608.0,5289.0,0.0,24475.0,385.0,0.0,125175.0
강서,18709.0,39356.0,107.0,176.0,4670.0,0.0,8780.0,4689.0,0.0,76487.0
광나루,34747.0,15025.0,4.0,85.0,0.0,0.0,17192.0,4.0,0.0,67057.0
잠실,67414.0,43915.0,13.0,1469.0,4856.0,0.0,12153.0,1016.0,0.0,130836.0
뚝섬,326060.0,47105.0,1528.0,1850.0,6070.0,0.0,136045.0,38225.0,56801.0,613684.0
잠원,57350.0,9850.0,644.0,0.0,5652.0,0.0,19196.0,41636.0,0.0,134328.0
반포,110355.0,11490.0,0.0,313.0,44.0,0.0,5436.0,1345.0,15774.0,144757.0
이촌,75831.0,26060.0,891.0,947.0,1395.0,0.0,28008.0,2296.0,0.0,135428.0
여의도,179200.0,7740.0,20.0,0.0,4990.0,0.0,8600.0,1700.0,40340.0,242590.0
양화,58842.0,27140.0,0.0,1765.0,2840.0,0.0,19765.0,0.0,0.0,110352.0
난지,22319.0,15232.0,223.0,363.0,1351.0,0.0,6788.0,4639.0,18945.0,69860.0
망원,80482.0,36847.0,26.0,530.0,7300.0,0.0,24647.0,601.0,0.0,150433.0
강서,31901.0,47464.0,83.0,243.0,7616.0,0.0,5808.0,3973.0,0.0,97088.0
광나루,47800.0,29115.0,0.0,156.0,55.0,0.0,33373.0,8.0,0.0,110507.0
잠실,86781.0,89775.0,20.0,1611.0,7188.0,0.0,15187.0,1391.0,0.0,201953.0
뚝섬,349190.0,64960.0,2695.0,2855.0,20925.0,0.0,181500.0,16385.0,60285.0,698795.0
잠원,65631.0,18866.0,938.0,0.0,6538.0,800.0,19486.0,28266.0,0.0,140525.0
반포,75167.0,49271.0,504.0,3121.0,1890.0,0.0,25870.0,4698.0,70094.0,230615.0
이촌,117879.0,66864.0,239.0,747.0,3601.0,0.0,40908.0,3953.0,0.0,234191.0
여의도,72740.0,30495.0,20.0,0.0,26430.0,0.0,17200.0,7905.0,137880.0,292670.0
양화,113675.0,43900.0,1720.0,0.0,11290.0,0.0,0.0,235.0,0.0,170820.0
난지,26966.0,20562.0,361.0,468.0,1519.0,9.0,9284.0,7327.0,22943.0,89439.0
망원,93945.0,55510.0,65.0,1928.0,14089.0,0.0,32732.0,1339.0,0.0,199608.0
강서,33970.0,92130.0,192.0,858.0,10824.0,1175.0,14802.0,5378.0,0.0,159329.0
광나루,98340.0,57855.0,143.0,222.0,550.0,3200.0,64563.0,122.0,0.0,224995.0
잠실,161770.0,215815.0,160.0,1464.0,14153.0,0.0,30159.0,2104.0,0.0,425625.0
뚝섬,411610.0,90050.0,2987.0,3270.0,13280.0,1800.0,211145.0,4040.0,73377.0,811559.0
잠원,99280.0,49266.0,2241.0,0.0,9370.0,1000.0,32373.0,27841.0,0.0,221371.0
반포,392685.0,20111.0,648.0,6089.0,1840.0,0.0,77169.0,12593.0,128900.0,640035.0
이촌,157145.0,114278.0,270.0,869.0,8128.0,1160.0,50365.0,7378.0,0.0,339593.0
여의도,446865.0,43715.0,1035.0,0.0,21222.0,0.0,18383.0,14584.0,342951.0,888755.0
양화,121167.0,53306.0,2144.0,0.0,0.0,0.0,0.0,1696.0,0.0,178313.0
난지,41304.0,38456.0,652.0,697.0,3604.0,9.0,14286.0,13262.0,31810.0,144080.0
망원,146070.0,82049.0,534.0,3026.0,18332.0,3.0,47464.0,3968.0,0.0,301446.0
강서,43469.0,130675.0,643.0,1695.0,12765.0,0.0,23242.0,7731.0,0.0,220220.0
광나루,95011.0,58890.0,83.0,154.0,870.0,0.0,52007.0,63.0,0.0,207078.0
잠실,125090.0,200705.0,129.0,1627.0,8011.0,0.0,17854.0,1879.0,0.0,355295.0
뚝섬,333440.0,121895.0,2325.0,2735.0,11489.0,7500.0,167580.0,5216.0,64866.0,717046.0
잠원,115490.0,42092.0,2043.0,0.0,8145.0,0.0,40977.0,33827.0,0.0,242574.0
반포,704890.0,377060.0,0.0,6456.0,6700.0,0.0,107090.0,25624.0,266268.0,1494088.0
이촌,160909.0,106377.0,147.0,500.0,8652.0,3750.0,43952.0,8942.0,0.0,333229.0
여의도,409800.0,65045.0,2763.0,0.0,47823.0,28865.0,38171.0,18865.0,504320.0,1115652.0
양화,228252.0,65400.0,4616.0,4296.0,336.0,0.0,0.0,240.0,0.0,303140.0
난지,58551.0,31299.0,578.0,556.0,3251.0,51750.0,14336.0,12795.0,38891.0,212007.0
망원,105035.0,71122.0,310.0,2448.0,15692.0,4.0,33519.0,3375.0,0.0,231505.0
강서,43545.0,154270.0,559.0,853.0,9712.0,50.0,23946.0,7906.0,0.0,240841.0
광나루,107850.0,73475.0,353.0,186.0,58.0,1600.0,49030.0,136.0,0.0,232688.0
잠실,149420.0,259070.0,181.0,1557.0,8221.0,0.0,19040.0,2025.0,0.0,439514.0
뚝섬,522520.0,170075.0,3115.0,3580.0,21405.0,56200.0,204535.0,10565.0,116590.0,1108585.0
잠원,114317.0,40711.0,1813.0,0.0,7743.0,3310.0,36855.0,33693.0,0.0,238442.0
반포,1016275.0,272750.0,535.0,3475.0,290.0,49300.0,65175.0,32601.0,428050.0,1868451.0
이촌,172352.0,123187.0,192.0,416.0,6956.0,0.0,47890.0,9664.0,0.0,360657.0
여의도,679105.0,50460.0,2990.0,0.0,31490.0,16500.0,17802.0,19440.0,496336.0,1314123.0
양화,237952.0,56600.0,2204.0,2020.0,12690.0,0.0,6500.0,2455.0,0.0,320421.0
난지,47268.0,37064.0,548.0,488.0,3737.0,44910.0,14216.0,13911.0,40692.0,202834.0
망원,111145.0,68960.0,421.0,1904.0,13210.0,6.0,47708.0,3114.0,0.0,246468.0
강서,46436.0,213104.0,1067.0,1332.0,10926.0,610.0,30176.0,9445.0,0.0,313096.0
광나루,106600.0,65060.0,163.0,213.0,10.0,0.0,48735.0,3689.0,0.0,224470.0
잠실,156850.0,275270.0,105.0,1451.0,8757.0,0.0,16630.0,2953.0,0.0,462016.0
뚝섬,375520.0,149190.0,2843.0,3195.0,15780.0,2800.0,193390.0,21225.0,87390.0,851333.0
잠원,172486.0,59467.0,2189.0,0.0,11170.0,100.0,58362.0,60942.0,0.0,364716.0
반포,1099750.0,371850.0,0.0,3089.0,0.0,75475.0,64155.0,34275.0,288025.0,1936619.0
이촌,201184.0,109495.0,103.0,357.0,7091.0,2100.0,48511.0,14534.0,0.0,383375.0
여의도,798660.0,46970.0,2610.0,0.0,30080.0,205500.0,21340.0,340750.0,579874.0,2025784.0
양화,234772.0,51020.0,6855.0,3179.0,6735.0,0.0,0.0,1268.0,0.0,303829.0
난지,64291.0,50711.0,1399.0,1041.0,5176.0,21460.0,22529.0,17929.0,74653.0,259189.0
망원,102505.0,70369.0,296.0,1676.0,14163.0,0.0,38313.0,2942.0,0.0,230264.0
강서,47379.0,299754.0,948.0,1301.0,10853.0,95.0,32253.0,11286.0,0.0,403869.0
광나루,79891.0,38335.0,18.0,179.0,8.0,0.0,26243.0,35699.0,0.0,180373.0
잠실,158710.0,162355.0,41.0,526.0,10057.0,0.0,15227.0,2402.0,0.0,349318.0
뚝섬,236170.0,88373.0,1540.0,1886.0,9665.0,0.0,111215.0,39985.0,53839.0,542673.0
잠원,84819.0,55448.0,2200.0,0.0,9045.0,0.0,45465.0,81687.0,0.0,278664.0
반포,300790.0,247546.0,0.0,5317.0,0.0,0.0,30490.0,13100.0,137150.0,734393.0
이촌,88574.0,75099.0,110.0,276.0,4791.0,5000.0,32826.0,9683.0,0.0,216359.0
여의도,147181.0,32290.0,1985.0,0.0,15800.0,0.0,18506.0,46775.0,264723.0,527260.0
양화,187790.0,55071.0,200.0,5201.0,2620.0,0.0,72234.0,5456.0,0.0,328572.0
난지,58523.0,38692.0,861.0,1052.0,5389.0,0.0,16608.0,11083.0,62021.0,194229.0
망원,58809.0,41384.0,143.0,744.0,10503.0,0.0,25090.0,1327.0,0.0,138000.0
강서,40768.0,164915.0,827.0,1914.0,13123.0,0.0,13052.0,13635.0,0.0,248234.0
광나루,92342.0,46934.0,90.0,116.0,18.0,2200.0,29423.0,34513.0,0.0,205636.0
잠실,164370.0,230166.0,45.0,981.0,10771.0,2500.0,21117.0,2914.0,0.0,432864.0
뚝섬,384720.0,138880.0,2170.0,2455.0,15375.0,1500.0,225730.0,40980.0,84778.0,896588.0
잠원,126657.0,58705.0,1371.0,0.0,9852.0,2450.0,39000.0,82043.0,0.0,320078.0
반포,344690.0,190198.0,760.0,675.0,26585.0,8000.0,69780.0,15493.0,453890.0,1110071.0
이촌,164990.0,95290.0,285.0,427.0,7625.0,0.0,37143.0,13081.0,0.0,318841.0
여의도,134930.0,11240.0,21666.0,0.0,37750.0,30795.0,25955.0,123112.0,247604.0,633052.0
양화,163509.0,67955.0,640.0,3700.0,2580.0,0.0,63215.0,4723.0,0.0,306322.0
난지,49873.0,55090.0,885.0,997.0,9053.0,0.0,20433.0,14286.0,75169.0,225786.0
망원,62417.0,45998.0,140.0,892.0,8993.0,0.0,23670.0,1773.0,0.0,143883.0
강서,50183.0,236487.0,842.0,931.0,15653.0,220.0,14898.0,8030.0,0.0,327244.0
광나루,95250.0,59788.0,144.0,166.0,9000.0,0.0,32158.0,13363.0,0.0,209869.0
잠실,232200.0,325500.0,222.0,1746.0,17731.0,0.0,29624.0,3055.0,0.0,610078.0
뚝섬,571600.0,183570.0,2415.0,2589.0,21565.0,38758.0,272350.0,11285.0,91358.0,1195490.0
잠원,109340.0,90216.0,1856.0,0.0,12879.0,1780.0,53242.0,98525.0,0.0,367838.0
반포,654650.0,212550.0,510.0,470.0,830.0,1200.0,54875.0,18411.0,576050.0,1519546.0
이촌,134575.0,114954.0,249.0,428.0,10654.0,1200.0,47425.0,48683.0,0.0,358168.0
여의도,248160.0,62475.0,8999.0,0.0,33650.0,0.0,41850.0,51981.0,734868.0,1181983.0
양화,157557.0,102351.0,0.0,2609.0,823.0,0.0,48330.0,398.0,0.0,312068.0
난지,59290.0,65928.0,692.0,820.0,8529.0,69770.0,20892.0,17820.0,79097.0,322838.0
망원,74842.0,52955.0,172.0,1207.0,12279.0,410.0,29067.0,2684.0,0.0,173616.0
강서,38530.0,240790.0,802.0,1030.0,29307.0,170.0,16062.0,21792.0,0.0,348483.0
광나루,92600.0,60685.0,140.0,274.0,0.0,1600.0,40621.0,16088.0,0.0,212008.0
잠실,233600.0,357760.0,508.0,1450.0,26484.0,4400.0,30885.0,4745.0,0.0,659832.0
뚝섬,554880.0,228160.0,3535.0,3630.0,28545.0,148400.0,295050.0,12593.0,114037.0,1388830.0
잠원,195094.0,82410.0,1889.0,0.0,13017.0,9070.0,55091.0,52786.0,0.0,409357.0
반포,916330.0,328350.0,1265.0,330.0,3405.0,1000.0,91210.0,24030.0,1123440.0,2489360.0
이촌,349716.0,95768.0,262.0,458.0,11800.0,2750.0,49917.0,62339.0,0.0,573010.0
여의도,1352880.0,46240.0,5792.0,0.0,35305.0,0.0,38460.0,29705.0,931237.0,2439619.0
양화,499676.0,133668.0,0.0,2809.0,853.0,0.0,76360.0,5413.0,0.0,718779.0
난지,78046.0,85700.0,778.0,1009.0,11514.0,9700.0,32332.0,22419.0,76194.0,317692.0
망원,93885.0,61135.0,603.0,1786.0,12880.0,720.0,30416.0,3893.0,0.0,205318.0
강서,49149.0,249692.0,1686.0,1944.0,15341.0,3030.0,21212.0,43378.0,0.0,385432.0
광나루,55195.0,31871.0,46.0,153.0,0.0,400.0,26422.0,4283.0,0.0,118370.0
잠실,109440.0,157143.0,318.0,825.0,7716.0,1700.0,15909.0,1588.0,0.0,294639.0
뚝섬,383730.0,134550.0,2358.0,2637.0,20065.0,11380.0,218960.0,5765.0,81473.0,860918.0
잠원,125234.0,0.0,1105.0,0.0,12513.0,1690.0,85421.0,40319.0,0.0,266282.0
반포,190360.0,144030.0,625.0,147.0,1115.0,0.0,34990.0,6276.0,145730.0,523273.0
이촌,102385.0,89985.0,98.0,279.0,6009.0,500.0,38890.0,35749.0,0.0,273895.0
여의도,128190.0,33110.0,4110.0,0.0,24761.0,0.0,24180.0,16665.0,369589.0,600605.0
양화,114937.0,88245.0,0.0,4580.0,21795.0,0.0,27491.0,537.0,0.0,257585.0
난지,64041.0,77537.0,793.0,818.0,20481.0,0.0,31354.0,14618.0,81550.0,291192.0
망원,110703.0,70259.0,1124.0,2350.0,22429.0,700.0,38555.0,4551.0,0.0,250671.0
강서,28618.0,128123.0,1006.0,1096.0,10154.0,50.0,9886.0,15876.0,0.0,194809.0
광나루,37943.0,16838.0,38.0,87.0,0.0,0.0,15420.0,3339.0,0.0,73665.0
잠실,84280.0,95015.0,248.0,505.0,5435.0,0.0,9884.0,1477.0,0.0,196844.0
뚝섬,356910.0,110750.0,1758.0,2019.0,14340.0,30401.0,188520.0,22961.0,69274.0,796933.0
잠원,104529.0,23828.0,385.0,0.0,9908.0,0.0,31585.0,39055.0,0.0,209290.0
반포,246190.0,160547.0,453.0,392.0,1974.0,0.0,37204.0,4532.0,176520.0,627812.0
이촌,70597.0,42243.0,9.0,84.0,2032.0,0.0,24780.0,22801.0,0.0,162546.0
여의도,73573.0,23449.0,2288.0,0.0,18875.0,0.0,17480.0,26333.0,209268.0,371266.0
양화,77798.0,54431.0,0.0,2248.0,14527.0,2400.0,19988.0,810.0,0.0,172202.0
난지,50510.0,53766.0,540.0,670.0,8402.0,0.0,20931.0,8976.0,60652.0,204447.0
망원,94059.0,53516.0,1404.0,2409.0,19182.0,0.0,33101.0,5359.0,0.0,209030.0
강서,22047.0,65119.0,176.0,325.0,6342.0,1500.0,4577.0,10832.0,0.0,110918.0
광나루,51910.0,15974.0,4.0,111.0,0.0,0.0,15306.0,1976.0,0.0,85281.0
잠실,88980.0,60055.0,65.0,315.0,10298.0,0.0,11955.0,3350.0,0.0,175018.0
뚝섬,350990.0,46290.0,1315.0,1605.0,10875.0,0.0,170650.0,49970.0,63045.0,694740.0
잠원,75671.0,23573.0,80.0,0.0,11015.0,0.0,32235.0,60621.0,27894.0,231089.0
반포,72905.0,39605.0,284.0,37.0,2150.0,0.0,9485.0,2121.0,25701.0,152288.0
이촌,64770.0,34045.0,12.0,91.0,2438.0,100.0,25310.0,5479.0,15362.0,147607.0
여의도,83598.0,21668.0,2100.0,0.0,15539.0,0.0,18316.0,78094.0,115095.0,334410.0
양화,76558.0,64173.0,0.0,2015.0,14688.0,0.0,22642.0,704.0,0.0,180780.0
난지,40183.0,23012.0,418.0,542.0,7450.0,0.0,17822.0,7349.0,55932.0,152708.0
망원,97903.0,59337.0,1166.0,3095.0,26652.0,0.0,41979.0,5994.0,0.0,236126.0
강서,20671.0,34679.0,91.0,453.0,8377.0,0.0,6457.0,6609.0,11587.0,88924.0
광나루,62070.0,28680.0,41.0,66.0,0.0,0.0,21923.0,6663.0,0.0,119443.0
잠실,100170.0,96645.0,155.0,165.0,16300.0,0.0,13578.0,1319.0,0.0,228332.0
뚝섬,367970.0,63060.0,1287.0,1545.0,12415.0,5700.0,179790.0,17218.0,55865.0,704850.0
잠원,66300.0,46194.0,155.0,0.0,13653.0,0.0,37145.0,44092.0,35980.0,243519.0
반포,269860.0,175053.0,377.0,149.0,6377.0,0.0,17474.0,5219.0,139548.0,614057.0
이촌,90992.0,74775.0,0.0,446.0,1550.0,0.0,28691.0,5440.0,19198.0,221092.0
여의도,56430.0,22350.0,0.0,0.0,21210.0,0.0,12125.0,6075.0,95800.0,213990.0
양화,77140.0,60884.0,0.0,1808.0,22253.0,0.0,27876.0,671.0,0.0,190632.0
난지,37516.0,27046.0,411.0,552.0,7465.0,0.0,18326.0,8615.0,48850.0,148781.0
망원,91487.0,54670.0,2706.0,2822.0,27751.0,0.0,39728.0,4676.0,0.0,223840.0
강서,23424.0,66551.0,219.0,504.0,8226.0,3400.0,5561.0,3725.0,7532.0,119142.0
